Lfd,Code,Researchers,Language,Date,Start,End,Check,Verb,Sentencetype,Item,Rating,Origin
Lfd_00,346IO,ABR/JS/AS,S,15.05.2023,12:17:00,12:29:00,NW/ASS,C,AA,13,7,B
Lfd_00,346IO,ABR/JS/AS,S,15.05.2023,12:17:00,12:29:00,NW/ASS,C,PN,30,5,B
Lfd_00,346IO,ABR/JS/AS,S,15.05.2023,12:17:00,12:29:00,NW/ASS,C,AI,37,6,B
Lfd_00,346IO,ABR/JS/AS,S,15.05.2023,12:17:00,12:29:00,NW/ASS,C,PA,60,3,B
Lfd_01,346IO,ABR/JS/AS,S,15.05.2023,12:17:00,12:29:00,NW/ASS,C,PI,103,3,B
Lfd_02,346IO,ABR/JS/AS,S,15.05.2023,12:17:00,12:29:00,NW/ASS,D,PN,4,6,B
Lfd_03,346IO,ABR/JS/AS,S,15.05.2023,12:17:00,12:29:00,NW/ASS,D,AA,54,5,B
Lfd_04,346IO,ABR/JS/AS,S,15.05.2023,12:17:00,12:29:00,NW/ASS,D,AI,84,7,B
Lfd_05,346IO,ABR/JS/AS,S,15.05.2023,12:17:00,12:29:00,NW/ASS,D,PA,97,6,B
Lfd_06,346IO,ABR/JS/AS,S,15.05.2023,12:17:00,12:29:00,NW/ASS,D,PI,114,7,B
Lfd_07,346IO,ABR/JS/AS,S,15.05.2023,12:17:00,12:29:00,NW/ASS,E,PA,34,3,B
Lfd_08,346IO,ABR/JS/AS,S,15.05.2023,12:17:00,12:29:00,NW/ASS,E,AI,52,6,B
Lfd_09,346IO,ABR/JS/AS,S,15.05.2023,12:17:00,12:29:00,NW/ASS,E,AA,75,6,B
Lfd_10,346IO,ABR/JS/AS,S,15.05.2023,12:17:00,12:29:00,NW/ASS,E,PN,94,7,B
Lfd_11,346IO,ABR/JS/AS,S,15.05.2023,12:17:00,12:29:00,NW/ASS,E,PI,109,7,B
Lfd_12,346IO,ABR/JS/AS,S,15.05.2023,12:17:00,12:29:00,NW/ASS,M,PA,9,3,B
Lfd_13,346IO,ABR/JS/AS,S,15.05.2023,12:17:00,12:29:00,NW/ASS,M,AA,28,7,B
Lfd_14,346IO,ABR/JS/AS,S,15.05.2023,12:17:00,12:29:00,NW/ASS,M,PN,73,4,B
Lfd_15,346IO,ABR/JS/AS,S,15.05.2023,12:17:00,12:29:00,NW/ASS,M,PI,88,2,B
Lfd_16,346IO,ABR/JS/AS,S,15.05.2023,12:17:00,12:29:00,NW/ASS,M,AI,99,6,B
Lfd_17,346IO,ABR/JS/AS,S,15.05.2023,12:17:00,12:29:00,NW/ASS,P,PI,19,7,B
Lfd_18,346IO,ABR/JS/AS,S,15.05.2023,12:17:00,12:29:00,NW/ASS,P,PN,39,7,B
Lfd_19,346IO,ABR/JS/AS,S,15.05.2023,12:17:00,12:29:00,NW/ASS,P,AA,67,7,B
Lfd_20,346IO,ABR/JS/AS,S,15.05.2023,12:17:00,12:29:00,NW/ASS,P,PA,79,7,B
Lfd_21,346IO,ABR/JS/AS,S,15.05.2023,12:17:00,12:29:00,NW/ASS,P,AI,117,7,B
Lfd_22,346IO,ABR/JS/AS,S,15.05.2023,12:17:00,12:29:00,NW/ASS,S,AI,7,6,B
Lfd_23,346IO,ABR/JS/AS,S,15.05.2023,12:17:00,12:29:00,NW/ASS,S,PI,45,7,B
Lfd_24,346IO,ABR/JS/AS,S,15.05.2023,12:17:00,12:29:00,NW/ASS,S,PN,58,7,B
Lfd_25,346IO,ABR/JS/AS,S,15.05.2023,12:17:00,12:29:00,NW/ASS,S,AI,90,7,B
Lfd_26,346IO,ABR/JS/AS,S,15.05.2023,12:17:00,12:29:00,NW/ASS,S,PA,119,4,B
Lfd_27,346IO,ABR/JS/AS,S,15.05.2023,12:17:00,12:29:00,NW/ASS,T,PI,22,7,B
Lfd_28,346IO,ABR/JS/AS,S,15.05.2023,12:17:00,12:29:00,NW/ASS,T,AA,43,7,B
Lfd_29,346IO,ABR/JS/AS,S,15.05.2023,12:17:00,12:29:00,NW/ASS,T,AI,64,7,B
Lfd_30,346IO,ABR/JS/AS,S,15.05.2023,12:17:00,12:29:00,NW/ASS,T,PN,82,7,B
Lfd_31,346IO,ABR/JS/AS,S,15.05.2023,12:17:00,12:29:00,NW/ASS,T,PA,112,7,B
Lfd_32,346IO,ABR/JS/AS,S,15.05.2023,12:17:00,12:29:00,NW/ASS,U,PA,15,6,B
Lfd_33,346IO,ABR/JS/AS,S,15.05.2023,12:17:00,12:29:00,NW/ASS,U,AI,24,7,B
Lfd_34,346IO,ABR/JS/AS,S,15.05.2023,12:17:00,12:29:00,NW/ASS,U,PN,49,7,B
Lfd_35,346IO,ABR/JS/AS,S,15.05.2023,12:17:00,12:29:00,NW/ASS,U,PI,69,7,B
Lfd_36,346IO,ABR/JS/AS,S,15.05.2023,12:17:00,12:29:00,NW/ASS,U,AA,105,6,B
Lfd_01,346OL,ABR/JS/AS,S,15.05.2023,12:16:00,12:29:00,NW/ASS,C,AA,13,5,B
Lfd_01,346OL,ABR/JS/AS,S,15.05.2023,12:16:00,12:29:00,NW/ASS,C,PN,30,6,B
Lfd_01,346OL,ABR/JS/AS,S,15.05.2023,12:16:00,12:29:00,NW/ASS,C,AI,37,3,B
Lfd_01,346OL,ABR/JS/AS,S,15.05.2023,12:16:00,12:29:00,NW/ASS,C,PA,60,1,B
Lfd_01,346OL,ABR/JS/AS,S,15.05.2023,12:16:00,12:29:00,NW/ASS,C,PI,103,1,B
Lfd_01,346OL,ABR/JS/AS,S,15.05.2023,12:16:00,12:29:00,NW/ASS,D,PN,4,7,B
Lfd_01,346OL,ABR/JS/AS,S,15.05.2023,12:16:00,12:29:00,NW/ASS,D,AA,54,7,B
Lfd_01,346OL,ABR/JS/AS,S,15.05.2023,12:16:00,12:29:00,NW/ASS,D,AI,84,7,B
Lfd_01,346OL,ABR/JS/AS,S,15.05.2023,12:16:00,12:29:00,NW/ASS,D,PA,97,7,B
Lfd_01,346OL,ABR/JS/AS,S,15.05.2023,12:16:00,12:29:00,NW/ASS,D,PI,114,7,B
Lfd_01,346OL,ABR/JS/AS,S,15.05.2023,12:16:00,12:29:00,NW/ASS,E,PA,34,7,B
Lfd_01,346OL,ABR/JS/AS,S,15.05.2023,12:16:00,12:29:00,NW/ASS,E,AI,52,6,B
Lfd_01,346OL,ABR/JS/AS,S,15.05.2023,12:16:00,12:29:00,NW/ASS,E,AA,75,7,B
Lfd_01,346OL,ABR/JS/AS,S,15.05.2023,12:16:00,12:29:00,NW/ASS,E,PN,94,7,B
Lfd_01,346OL,ABR/JS/AS,S,15.05.2023,12:16:00,12:29:00,NW/ASS,E,PI,109,7,B
Lfd_01,346OL,ABR/JS/AS,S,15.05.2023,12:16:00,12:29:00,NW/ASS,M,PA,9,2,B
Lfd_01,346OL,ABR/JS/AS,S,15.05.2023,12:16:00,12:29:00,NW/ASS,M,AA,28,7,B
Lfd_01,346OL,ABR/JS/AS,S,15.05.2023,12:16:00,12:29:00,NW/ASS,M,PN,73,7,B
Lfd_01,346OL,ABR/JS/AS,S,15.05.2023,12:16:00,12:29:00,NW/ASS,M,PI,88,5,B
Lfd_01,346OL,ABR/JS/AS,S,15.05.2023,12:16:00,12:29:00,NW/ASS,M,AI,99,7,B
Lfd_01,346OL,ABR/JS/AS,S,15.05.2023,12:16:00,12:29:00,NW/ASS,P,PI,19,7,B
Lfd_01,346OL,ABR/JS/AS,S,15.05.2023,12:16:00,12:29:00,NW/ASS,P,PN,39,7,B
Lfd_01,346OL,ABR/JS/AS,S,15.05.2023,12:16:00,12:29:00,NW/ASS,P,AA,67,7,B
Lfd_01,346OL,ABR/JS/AS,S,15.05.2023,12:16:00,12:29:00,NW/ASS,P,PA,79,7,B
Lfd_01,346OL,ABR/JS/AS,S,15.05.2023,12:16:00,12:29:00,NW/ASS,P,AI,117,7,B
Lfd_01,346OL,ABR/JS/AS,S,15.05.2023,12:16:00,12:29:00,NW/ASS,S,AI,7,6,B
Lfd_01,346OL,ABR/JS/AS,S,15.05.2023,12:16:00,12:29:00,NW/ASS,S,PI,45,7,B
Lfd_01,346OL,ABR/JS/AS,S,15.05.2023,12:16:00,12:29:00,NW/ASS,S,PN,58,7,B
Lfd_01,346OL,ABR/JS/AS,S,15.05.2023,12:16:00,12:29:00,NW/ASS,S,AI,90,7,B
Lfd_01,346OL,ABR/JS/AS,S,15.05.2023,12:16:00,12:29:00,NW/ASS,S,PA,119,7,B
Lfd_01,346OL,ABR/JS/AS,S,15.05.2023,12:16:00,12:29:00,NW/ASS,T,PI,22,7,B
Lfd_01,346OL,ABR/JS/AS,S,15.05.2023,12:16:00,12:29:00,NW/ASS,T,AA,43,7,B
Lfd_01,346OL,ABR/JS/AS,S,15.05.2023,12:16:00,12:29:00,NW/ASS,T,AI,64,6,B
Lfd_01,346OL,ABR/JS/AS,S,15.05.2023,12:16:00,12:29:00,NW/ASS,T,PN,82,7,B
Lfd_01,346OL,ABR/JS/AS,S,15.05.2023,12:16:00,12:29:00,NW/ASS,T,PA,112,7,B
Lfd_01,346OL,ABR/JS/AS,S,15.05.2023,12:16:00,12:29:00,NW/ASS,U,PA,15,3,B
Lfd_01,346OL,ABR/JS/AS,S,15.05.2023,12:16:00,12:29:00,NW/ASS,U,AI,24,3,B
Lfd_01,346OL,ABR/JS/AS,S,15.05.2023,12:16:00,12:29:00,NW/ASS,U,PN,49,7,B
Lfd_01,346OL,ABR/JS/AS,S,15.05.2023,12:16:00,12:29:00,NW/ASS,U,PI,69,7,B
Lfd_01,346OL,ABR/JS/AS,S,15.05.2023,12:16:00,12:29:00,NW/ASS,U,AA,105,7,B
Lfd_02,000NE,ABR/JS/AS,S,15.05.2023,12:55:00,13:04:00,NW/ASS,C,AA,13,5,B
Lfd_02,000NE,ABR/JS/AS,S,15.05.2023,12:55:00,13:04:00,NW/ASS,C,PN,30,1,B
Lfd_02,000NE,ABR/JS/AS,S,15.05.2023,12:55:00,13:04:00,NW/ASS,C,AI,37,3,B
Lfd_02,000NE,ABR/JS/AS,S,15.05.2023,12:55:00,13:04:00,NW/ASS,C,PA,60,1,B
Lfd_02,000NE,ABR/JS/AS,S,15.05.2023,12:55:00,13:04:00,NW/ASS,C,PI,103,1,B
Lfd_02,000NE,ABR/JS/AS,S,15.05.2023,12:55:00,13:04:00,NW/ASS,D,PN,4,7,B
Lfd_02,000NE,ABR/JS/AS,S,15.05.2023,12:55:00,13:04:00,NW/ASS,D,AA,54,1,B
Lfd_02,000NE,ABR/JS/AS,S,15.05.2023,12:55:00,13:04:00,NW/ASS,D,AI,84,7,B
Lfd_02,000NE,ABR/JS/AS,S,15.05.2023,12:55:00,13:04:00,NW/ASS,D,PA,97,7,B
Lfd_02,000NE,ABR/JS/AS,S,15.05.2023,12:55:00,13:04:00,NW/ASS,D,PI,114,7,B
Lfd_02,000NE,ABR/JS/AS,S,15.05.2023,12:55:00,13:04:00,NW/ASS,E,PA,34,3,B
Lfd_02,000NE,ABR/JS/AS,S,15.05.2023,12:55:00,13:04:00,NW/ASS,E,AI,52,4,B
Lfd_02,000NE,ABR/JS/AS,S,15.05.2023,12:55:00,13:04:00,NW/ASS,E,AA,75,6,B
Lfd_02,000NE,ABR/JS/AS,S,15.05.2023,12:55:00,13:04:00,NW/ASS,E,PN,94,6,B
Lfd_02,000NE,ABR/JS/AS,S,15.05.2023,12:55:00,13:04:00,NW/ASS,E,PI,109,7,B
Lfd_02,000NE,ABR/JS/AS,S,15.05.2023,12:55:00,13:04:00,NW/ASS,M,PA,9,1,B
Lfd_02,000NE,ABR/JS/AS,S,15.05.2023,12:55:00,13:04:00,NW/ASS,M,AA,28,7,B
Lfd_02,000NE,ABR/JS/AS,S,15.05.2023,12:55:00,13:04:00,NW/ASS,M,PN,73,7,B
Lfd_02,000NE,ABR/JS/AS,S,15.05.2023,12:55:00,13:04:00,NW/ASS,M,PI,88,2,B
Lfd_02,000NE,ABR/JS/AS,S,15.05.2023,12:55:00,13:04:00,NW/ASS,M,AI,99,7,B
Lfd_02,000NE,ABR/JS/AS,S,15.05.2023,12:55:00,13:04:00,NW/ASS,P,PI,19,6,B
Lfd_02,000NE,ABR/JS/AS,S,15.05.2023,12:55:00,13:04:00,NW/ASS,P,PN,39,7,B
Lfd_02,000NE,ABR/JS/AS,S,15.05.2023,12:55:00,13:04:00,NW/ASS,P,AA,67,6,B
Lfd_02,000NE,ABR/JS/AS,S,15.05.2023,12:55:00,13:04:00,NW/ASS,P,PA,79,7,B
Lfd_02,000NE,ABR/JS/AS,S,15.05.2023,12:55:00,13:04:00,NW/ASS,P,AI,117,7,B
Lfd_02,000NE,ABR/JS/AS,S,15.05.2023,12:55:00,13:04:00,NW/ASS,S,AI,7,4,B
Lfd_02,000NE,ABR/JS/AS,S,15.05.2023,12:55:00,13:04:00,NW/ASS,S,PI,45,3,B
Lfd_02,000NE,ABR/JS/AS,S,15.05.2023,12:55:00,13:04:00,NW/ASS,S,PN,58,7,B
Lfd_02,000NE,ABR/JS/AS,S,15.05.2023,12:55:00,13:04:00,NW/ASS,S,AI,90,7,B
Lfd_02,000NE,ABR/JS/AS,S,15.05.2023,12:55:00,13:04:00,NW/ASS,S,PA,119,1,B
Lfd_02,000NE,ABR/JS/AS,S,15.05.2023,12:55:00,13:04:00,NW/ASS,T,PI,22,4,B
Lfd_02,000NE,ABR/JS/AS,S,15.05.2023,12:55:00,13:04:00,NW/ASS,T,AA,43,4,B
Lfd_02,000NE,ABR/JS/AS,S,15.05.2023,12:55:00,13:04:00,NW/ASS,T,AI,64,3,B
Lfd_02,000NE,ABR/JS/AS,S,15.05.2023,12:55:00,13:04:00,NW/ASS,T,PN,82,5,B
Lfd_02,000NE,ABR/JS/AS,S,15.05.2023,12:55:00,13:04:00,NW/ASS,T,PA,112,5,B
Lfd_02,000NE,ABR/JS/AS,S,15.05.2023,12:55:00,13:04:00,NW/ASS,U,PA,15,3,B
Lfd_02,000NE,ABR/JS/AS,S,15.05.2023,12:55:00,13:04:00,NW/ASS,U,AI,24,1,B
Lfd_02,000NE,ABR/JS/AS,S,15.05.2023,12:55:00,13:04:00,NW/ASS,U,PN,49,1,B
Lfd_02,000NE,ABR/JS/AS,S,15.05.2023,12:55:00,13:04:00,NW/ASS,U,PI,69,1,B
Lfd_02,000NE,ABR/JS/AS,S,15.05.2023,12:55:00,13:04:00,NW/ASS,U,AA,105,1,B
Lfd_03,UAI23,ABR/JS/AS,S,15.05.2023,12:55:00,13:03:00,NW/ASS,C,AA,13,6,B
Lfd_03,UAI23,ABR/JS/AS,S,15.05.2023,12:55:00,13:03:00,NW/ASS,C,PN,30,2,B
Lfd_03,UAI23,ABR/JS/AS,S,15.05.2023,12:55:00,13:03:00,NW/ASS,C,AI,37,1,B
Lfd_03,UAI23,ABR/JS/AS,S,15.05.2023,12:55:00,13:03:00,NW/ASS,C,PA,60,1,B
Lfd_03,UAI23,ABR/JS/AS,S,15.05.2023,12:55:00,13:03:00,NW/ASS,C,PI,103,1,B
Lfd_03,UAI23,ABR/JS/AS,S,15.05.2023,12:55:00,13:03:00,NW/ASS,D,PN,4,7,B
Lfd_03,UAI23,ABR/JS/AS,S,15.05.2023,12:55:00,13:03:00,NW/ASS,D,AA,54,3,B
Lfd_03,UAI23,ABR/JS/AS,S,15.05.2023,12:55:00,13:03:00,NW/ASS,D,AI,84,7,B
Lfd_03,UAI23,ABR/JS/AS,S,15.05.2023,12:55:00,13:03:00,NW/ASS,D,PA,97,3,B
Lfd_03,UAI23,ABR/JS/AS,S,15.05.2023,12:55:00,13:03:00,NW/ASS,D,PI,114,7,B
Lfd_03,UAI23,ABR/JS/AS,S,15.05.2023,12:55:00,13:03:00,NW/ASS,E,PA,34,6,B
Lfd_03,UAI23,ABR/JS/AS,S,15.05.2023,12:55:00,13:03:00,NW/ASS,E,AI,52,4,B
Lfd_03,UAI23,ABR/JS/AS,S,15.05.2023,12:55:00,13:03:00,NW/ASS,E,AA,75,6,B
Lfd_03,UAI23,ABR/JS/AS,S,15.05.2023,12:55:00,13:03:00,NW/ASS,E,PN,94,3,B
Lfd_03,UAI23,ABR/JS/AS,S,15.05.2023,12:55:00,13:03:00,NW/ASS,E,PI,109,7,B
Lfd_03,UAI23,ABR/JS/AS,S,15.05.2023,12:55:00,13:03:00,NW/ASS,M,PA,9,3,B
Lfd_03,UAI23,ABR/JS/AS,S,15.05.2023,12:55:00,13:03:00,NW/ASS,M,AA,28,7,B
Lfd_03,UAI23,ABR/JS/AS,S,15.05.2023,12:55:00,13:03:00,NW/ASS,M,PN,73,3,B
Lfd_03,UAI23,ABR/JS/AS,S,15.05.2023,12:55:00,13:03:00,NW/ASS,M,PI,88,7,B
Lfd_03,UAI23,ABR/JS/AS,S,15.05.2023,12:55:00,13:03:00,NW/ASS,M,AI,99,3,B
Lfd_03,UAI23,ABR/JS/AS,S,15.05.2023,12:55:00,13:03:00,NW/ASS,P,PI,19,7,B
Lfd_03,UAI23,ABR/JS/AS,S,15.05.2023,12:55:00,13:03:00,NW/ASS,P,PN,39,7,B
Lfd_03,UAI23,ABR/JS/AS,S,15.05.2023,12:55:00,13:03:00,NW/ASS,P,AA,67,5,B
Lfd_03,UAI23,ABR/JS/AS,S,15.05.2023,12:55:00,13:03:00,NW/ASS,P,PA,79,7,B
Lfd_03,UAI23,ABR/JS/AS,S,15.05.2023,12:55:00,13:03:00,NW/ASS,P,AI,117,6,B
Lfd_03,UAI23,ABR/JS/AS,S,15.05.2023,12:55:00,13:03:00,NW/ASS,S,AI,7,7,B
Lfd_03,UAI23,ABR/JS/AS,S,15.05.2023,12:55:00,13:03:00,NW/ASS,S,PI,45,7,B
Lfd_03,UAI23,ABR/JS/AS,S,15.05.2023,12:55:00,13:03:00,NW/ASS,S,PN,58,6,B
Lfd_03,UAI23,ABR/JS/AS,S,15.05.2023,12:55:00,13:03:00,NW/ASS,S,AI,90,6,B
Lfd_03,UAI23,ABR/JS/AS,S,15.05.2023,12:55:00,13:03:00,NW/ASS,S,PA,119,5,B
Lfd_03,UAI23,ABR/JS/AS,S,15.05.2023,12:55:00,13:03:00,NW/ASS,T,PI,22,6,B
Lfd_03,UAI23,ABR/JS/AS,S,15.05.2023,12:55:00,13:03:00,NW/ASS,T,AA,43,4,B
Lfd_03,UAI23,ABR/JS/AS,S,15.05.2023,12:55:00,13:03:00,NW/ASS,T,AI,64,6,B
Lfd_03,UAI23,ABR/JS/AS,S,15.05.2023,12:55:00,13:03:00,NW/ASS,T,PN,82,4,B
Lfd_03,UAI23,ABR/JS/AS,S,15.05.2023,12:55:00,13:03:00,NW/ASS,T,PA,112,2,B
Lfd_03,UAI23,ABR/JS/AS,S,15.05.2023,12:55:00,13:03:00,NW/ASS,U,PA,15,1,B
Lfd_03,UAI23,ABR/JS/AS,S,15.05.2023,12:55:00,13:03:00,NW/ASS,U,AI,24,4,B
Lfd_03,UAI23,ABR/JS/AS,S,15.05.2023,12:55:00,13:03:00,NW/ASS,U,PN,49,3,B
Lfd_03,UAI23,ABR/JS/AS,S,15.05.2023,12:55:00,13:03:00,NW/ASS,U,PI,69,2,B
Lfd_03,UAI23,ABR/JS/AS,S,15.05.2023,12:55:00,13:03:00,NW/ASS,U,AA,105,5,B
Lfd_04,RF107,ABR/JS/AS,S,15.05.2023,13:00:00,13:09:00,NW/ASS,C,AA,13,4,B
Lfd_04,RF107,ABR/JS/AS,S,15.05.2023,13:00:00,13:09:00,NW/ASS,C,PN,30,1,B
Lfd_04,RF107,ABR/JS/AS,S,15.05.2023,13:00:00,13:09:00,NW/ASS,C,AI,37,2,B
Lfd_04,RF107,ABR/JS/AS,S,15.05.2023,13:00:00,13:09:00,NW/ASS,C,PA,60,2,B
Lfd_04,RF107,ABR/JS/AS,S,15.05.2023,13:00:00,13:09:00,NW/ASS,C,PI,103,2,B
Lfd_04,RF107,ABR/JS/AS,S,15.05.2023,13:00:00,13:09:00,NW/ASS,D,PN,4,7,B
Lfd_04,RF107,ABR/JS/AS,S,15.05.2023,13:00:00,13:09:00,NW/ASS,D,AA,54,2,B
Lfd_04,RF107,ABR/JS/AS,S,15.05.2023,13:00:00,13:09:00,NW/ASS,D,AI,84,5,B
Lfd_04,RF107,ABR/JS/AS,S,15.05.2023,13:00:00,13:09:00,NW/ASS,D,PA,97,4,B
Lfd_04,RF107,ABR/JS/AS,S,15.05.2023,13:00:00,13:09:00,NW/ASS,D,PI,114,4,B
Lfd_04,RF107,ABR/JS/AS,S,15.05.2023,13:00:00,13:09:00,NW/ASS,E,PA,34,5,B
Lfd_04,RF107,ABR/JS/AS,S,15.05.2023,13:00:00,13:09:00,NW/ASS,E,AI,52,4,B
Lfd_04,RF107,ABR/JS/AS,S,15.05.2023,13:00:00,13:09:00,NW/ASS,E,AA,75,4,B
Lfd_04,RF107,ABR/JS/AS,S,15.05.2023,13:00:00,13:09:00,NW/ASS,E,PN,94,5,B
Lfd_04,RF107,ABR/JS/AS,S,15.05.2023,13:00:00,13:09:00,NW/ASS,E,PI,109,4,B
Lfd_04,RF107,ABR/JS/AS,S,15.05.2023,13:00:00,13:09:00,NW/ASS,M,PA,9,2,B
Lfd_04,RF107,ABR/JS/AS,S,15.05.2023,13:00:00,13:09:00,NW/ASS,M,AA,28,3,B
Lfd_04,RF107,ABR/JS/AS,S,15.05.2023,13:00:00,13:09:00,NW/ASS,M,PN,73,5,B
Lfd_04,RF107,ABR/JS/AS,S,15.05.2023,13:00:00,13:09:00,NW/ASS,M,PI,88,6,B
Lfd_04,RF107,ABR/JS/AS,S,15.05.2023,13:00:00,13:09:00,NW/ASS,M,AI,99,6,B
Lfd_04,RF107,ABR/JS/AS,S,15.05.2023,13:00:00,13:09:00,NW/ASS,P,PI,19,7,B
Lfd_04,RF107,ABR/JS/AS,S,15.05.2023,13:00:00,13:09:00,NW/ASS,P,PN,39,3,B
Lfd_04,RF107,ABR/JS/AS,S,15.05.2023,13:00:00,13:09:00,NW/ASS,P,AA,67,3,B
Lfd_04,RF107,ABR/JS/AS,S,15.05.2023,13:00:00,13:09:00,NW/ASS,P,PA,79,7,B
Lfd_04,RF107,ABR/JS/AS,S,15.05.2023,13:00:00,13:09:00,NW/ASS,P,AI,117,5,B
Lfd_04,RF107,ABR/JS/AS,S,15.05.2023,13:00:00,13:09:00,NW/ASS,S,AI,7,7,B
Lfd_04,RF107,ABR/JS/AS,S,15.05.2023,13:00:00,13:09:00,NW/ASS,S,PI,45,4,B
Lfd_04,RF107,ABR/JS/AS,S,15.05.2023,13:00:00,13:09:00,NW/ASS,S,PN,58,6,B
Lfd_04,RF107,ABR/JS/AS,S,15.05.2023,13:00:00,13:09:00,NW/ASS,S,AI,90,6,B
Lfd_04,RF107,ABR/JS/AS,S,15.05.2023,13:00:00,13:09:00,NW/ASS,S,PA,119,4,B
Lfd_04,RF107,ABR/JS/AS,S,15.05.2023,13:00:00,13:09:00,NW/ASS,T,PI,22,4,B
Lfd_04,RF107,ABR/JS/AS,S,15.05.2023,13:00:00,13:09:00,NW/ASS,T,AA,43,3,B
Lfd_04,RF107,ABR/JS/AS,S,15.05.2023,13:00:00,13:09:00,NW/ASS,T,AI,64,5,B
Lfd_04,RF107,ABR/JS/AS,S,15.05.2023,13:00:00,13:09:00,NW/ASS,T,PN,82,4,B
Lfd_04,RF107,ABR/JS/AS,S,15.05.2023,13:00:00,13:09:00,NW/ASS,T,PA,112,4,B
Lfd_04,RF107,ABR/JS/AS,S,15.05.2023,13:00:00,13:09:00,NW/ASS,U,PA,15,2,B
Lfd_04,RF107,ABR/JS/AS,S,15.05.2023,13:00:00,13:09:00,NW/ASS,U,AI,24,2,B
Lfd_04,RF107,ABR/JS/AS,S,15.05.2023,13:00:00,13:09:00,NW/ASS,U,PN,49,2,B
Lfd_04,RF107,ABR/JS/AS,S,15.05.2023,13:00:00,13:09:00,NW/ASS,U,PI,69,3,B
Lfd_04,RF107,ABR/JS/AS,S,15.05.2023,13:00:00,13:09:00,NW/ASS,U,AA,105,2,B
Lfd_05,AS303,ABR/JS/AS,S,15.05.2023,13:00:00,13:08:00,NW/ASS,C,AA,13,2,B
Lfd_05,AS303,ABR/JS/AS,S,15.05.2023,13:00:00,13:08:00,NW/ASS,C,PN,30,1,B
Lfd_05,AS303,ABR/JS/AS,S,15.05.2023,13:00:00,13:08:00,NW/ASS,C,AI,37,1,B
Lfd_05,AS303,ABR/JS/AS,S,15.05.2023,13:00:00,13:08:00,NW/ASS,C,PA,60,1,B
Lfd_05,AS303,ABR/JS/AS,S,15.05.2023,13:00:00,13:08:00,NW/ASS,C,PI,103,4,B
Lfd_05,AS303,ABR/JS/AS,S,15.05.2023,13:00:00,13:08:00,NW/ASS,D,PN,4,7,B
Lfd_05,AS303,ABR/JS/AS,S,15.05.2023,13:00:00,13:08:00,NW/ASS,D,AA,54,3,B
Lfd_05,AS303,ABR/JS/AS,S,15.05.2023,13:00:00,13:08:00,NW/ASS,D,AI,84,5,B
Lfd_05,AS303,ABR/JS/AS,S,15.05.2023,13:00:00,13:08:00,NW/ASS,D,PA,97,5,B
Lfd_05,AS303,ABR/JS/AS,S,15.05.2023,13:00:00,13:08:00,NW/ASS,D,PI,114,7,B
Lfd_05,AS303,ABR/JS/AS,S,15.05.2023,13:00:00,13:08:00,NW/ASS,E,PA,34,5,B
Lfd_05,AS303,ABR/JS/AS,S,15.05.2023,13:00:00,13:08:00,NW/ASS,E,AI,52,4,B
Lfd_05,AS303,ABR/JS/AS,S,15.05.2023,13:00:00,13:08:00,NW/ASS,E,AA,75,6,B
Lfd_05,AS303,ABR/JS/AS,S,15.05.2023,13:00:00,13:08:00,NW/ASS,E,PN,94,4,B
Lfd_05,AS303,ABR/JS/AS,S,15.05.2023,13:00:00,13:08:00,NW/ASS,E,PI,109,7,B
Lfd_05,AS303,ABR/JS/AS,S,15.05.2023,13:00:00,13:08:00,NW/ASS,M,PA,9,1,B
Lfd_05,AS303,ABR/JS/AS,S,15.05.2023,13:00:00,13:08:00,NW/ASS,M,AA,28,7,B
Lfd_05,AS303,ABR/JS/AS,S,15.05.2023,13:00:00,13:08:00,NW/ASS,M,PN,73,5,B
Lfd_05,AS303,ABR/JS/AS,S,15.05.2023,13:00:00,13:08:00,NW/ASS,M,PI,88,4,B
Lfd_05,AS303,ABR/JS/AS,S,15.05.2023,13:00:00,13:08:00,NW/ASS,M,AI,99,6,B
Lfd_05,AS303,ABR/JS/AS,S,15.05.2023,13:00:00,13:08:00,NW/ASS,P,PI,19,7,B
Lfd_05,AS303,ABR/JS/AS,S,15.05.2023,13:00:00,13:08:00,NW/ASS,P,PN,39,7,B
Lfd_05,AS303,ABR/JS/AS,S,15.05.2023,13:00:00,13:08:00,NW/ASS,P,AA,67,6,B
Lfd_05,AS303,ABR/JS/AS,S,15.05.2023,13:00:00,13:08:00,NW/ASS,P,PA,79,6,B
Lfd_05,AS303,ABR/JS/AS,S,15.05.2023,13:00:00,13:08:00,NW/ASS,P,AI,117,2,B
Lfd_05,AS303,ABR/JS/AS,S,15.05.2023,13:00:00,13:08:00,NW/ASS,S,AI,7,4,B
Lfd_05,AS303,ABR/JS/AS,S,15.05.2023,13:00:00,13:08:00,NW/ASS,S,PI,45,3,B
Lfd_05,AS303,ABR/JS/AS,S,15.05.2023,13:00:00,13:08:00,NW/ASS,S,PN,58,6,B
Lfd_05,AS303,ABR/JS/AS,S,15.05.2023,13:00:00,13:08:00,NW/ASS,S,AI,90,6,B
Lfd_05,AS303,ABR/JS/AS,S,15.05.2023,13:00:00,13:08:00,NW/ASS,S,PA,119,5,B
Lfd_05,AS303,ABR/JS/AS,S,15.05.2023,13:00:00,13:08:00,NW/ASS,T,PI,22,5,B
Lfd_05,AS303,ABR/JS/AS,S,15.05.2023,13:00:00,13:08:00,NW/ASS,T,AA,43,6,B
Lfd_05,AS303,ABR/JS/AS,S,15.05.2023,13:00:00,13:08:00,NW/ASS,T,AI,64,6,B
Lfd_05,AS303,ABR/JS/AS,S,15.05.2023,13:00:00,13:08:00,NW/ASS,T,PN,82,7,B
Lfd_05,AS303,ABR/JS/AS,S,15.05.2023,13:00:00,13:08:00,NW/ASS,T,PA,112,7,B
Lfd_05,AS303,ABR/JS/AS,S,15.05.2023,13:00:00,13:08:00,NW/ASS,U,PA,15,2,B
Lfd_05,AS303,ABR/JS/AS,S,15.05.2023,13:00:00,13:08:00,NW/ASS,U,AI,24,2,B
Lfd_05,AS303,ABR/JS/AS,S,15.05.2023,13:00:00,13:08:00,NW/ASS,U,PN,49,3,B
Lfd_05,AS303,ABR/JS/AS,S,15.05.2023,13:00:00,13:08:00,NW/ASS,U,PI,69,1,B
Lfd_05,AS303,ABR/JS/AS,S,15.05.2023,13:00:00,13:08:00,NW/ASS,U,AA,105,1,B
Lfd_06,AM013,ABR/JS/AS,S,15.05.2023,13:00:00,13:07:00,NW/ASS,C,AA,13,5,B
Lfd_06,AM013,ABR/JS/AS,S,15.05.2023,13:00:00,13:07:00,NW/ASS,C,PN,30,4,B
Lfd_06,AM013,ABR/JS/AS,S,15.05.2023,13:00:00,13:07:00,NW/ASS,C,AI,37,4,B
Lfd_06,AM013,ABR/JS/AS,S,15.05.2023,13:00:00,13:07:00,NW/ASS,C,PA,60,4,B
Lfd_06,AM013,ABR/JS/AS,S,15.05.2023,13:00:00,13:07:00,NW/ASS,C,PI,103,2,B
Lfd_06,AM013,ABR/JS/AS,S,15.05.2023,13:00:00,13:07:00,NW/ASS,D,PN,4,6,B
Lfd_06,AM013,ABR/JS/AS,S,15.05.2023,13:00:00,13:07:00,NW/ASS,D,AA,54,3,B
Lfd_06,AM013,ABR/JS/AS,S,15.05.2023,13:00:00,13:07:00,NW/ASS,D,AI,84,3,B
Lfd_06,AM013,ABR/JS/AS,S,15.05.2023,13:00:00,13:07:00,NW/ASS,D,PA,97,6,B
Lfd_06,AM013,ABR/JS/AS,S,15.05.2023,13:00:00,13:07:00,NW/ASS,D,PI,114,7,B
Lfd_06,AM013,ABR/JS/AS,S,15.05.2023,13:00:00,13:07:00,NW/ASS,E,PA,34,4,B
Lfd_06,AM013,ABR/JS/AS,S,15.05.2023,13:00:00,13:07:00,NW/ASS,E,AI,52,3,B
Lfd_06,AM013,ABR/JS/AS,S,15.05.2023,13:00:00,13:07:00,NW/ASS,E,AA,75,6,B
Lfd_06,AM013,ABR/JS/AS,S,15.05.2023,13:00:00,13:07:00,NW/ASS,E,PN,94,3,B
Lfd_06,AM013,ABR/JS/AS,S,15.05.2023,13:00:00,13:07:00,NW/ASS,E,PI,109,2,B
Lfd_06,AM013,ABR/JS/AS,S,15.05.2023,13:00:00,13:07:00,NW/ASS,M,PA,9,3,B
Lfd_06,AM013,ABR/JS/AS,S,15.05.2023,13:00:00,13:07:00,NW/ASS,M,AA,28,4,B
Lfd_06,AM013,ABR/JS/AS,S,15.05.2023,13:00:00,13:07:00,NW/ASS,M,PN,73,6,B
Lfd_06,AM013,ABR/JS/AS,S,15.05.2023,13:00:00,13:07:00,NW/ASS,M,PI,88,4,B
Lfd_06,AM013,ABR/JS/AS,S,15.05.2023,13:00:00,13:07:00,NW/ASS,M,AI,99,6,B
Lfd_06,AM013,ABR/JS/AS,S,15.05.2023,13:00:00,13:07:00,NW/ASS,P,PI,19,6,B
Lfd_06,AM013,ABR/JS/AS,S,15.05.2023,13:00:00,13:07:00,NW/ASS,P,PN,39,6,B
Lfd_06,AM013,ABR/JS/AS,S,15.05.2023,13:00:00,13:07:00,NW/ASS,P,AA,67,2,B
Lfd_06,AM013,ABR/JS/AS,S,15.05.2023,13:00:00,13:07:00,NW/ASS,P,PA,79,6,B
Lfd_06,AM013,ABR/JS/AS,S,15.05.2023,13:00:00,13:07:00,NW/ASS,P,AI,117,3,B
Lfd_06,AM013,ABR/JS/AS,S,15.05.2023,13:00:00,13:07:00,NW/ASS,S,AI,7,5,B
Lfd_06,AM013,ABR/JS/AS,S,15.05.2023,13:00:00,13:07:00,NW/ASS,S,PI,45,3,B
Lfd_06,AM013,ABR/JS/AS,S,15.05.2023,13:00:00,13:07:00,NW/ASS,S,PN,58,5,B
Lfd_06,AM013,ABR/JS/AS,S,15.05.2023,13:00:00,13:07:00,NW/ASS,S,AI,90,4,B
Lfd_06,AM013,ABR/JS/AS,S,15.05.2023,13:00:00,13:07:00,NW/ASS,S,PA,119,3,B
Lfd_06,AM013,ABR/JS/AS,S,15.05.2023,13:00:00,13:07:00,NW/ASS,T,PI,22,5,B
Lfd_06,AM013,ABR/JS/AS,S,15.05.2023,13:00:00,13:07:00,NW/ASS,T,AA,43,3,B
Lfd_06,AM013,ABR/JS/AS,S,15.05.2023,13:00:00,13:07:00,NW/ASS,T,AI,64,4,B
Lfd_06,AM013,ABR/JS/AS,S,15.05.2023,13:00:00,13:07:00,NW/ASS,T,PN,82,5,B
Lfd_06,AM013,ABR/JS/AS,S,15.05.2023,13:00:00,13:07:00,NW/ASS,T,PA,112,6,B
Lfd_06,AM013,ABR/JS/AS,S,15.05.2023,13:00:00,13:07:00,NW/ASS,U,PA,15,2,B
Lfd_06,AM013,ABR/JS/AS,S,15.05.2023,13:00:00,13:07:00,NW/ASS,U,AI,24,5,B
Lfd_06,AM013,ABR/JS/AS,S,15.05.2023,13:00:00,13:07:00,NW/ASS,U,PN,49,5,B
Lfd_06,AM013,ABR/JS/AS,S,15.05.2023,13:00:00,13:07:00,NW/ASS,U,PI,69,2,B
Lfd_06,AM013,ABR/JS/AS,S,15.05.2023,13:00:00,13:07:00,NW/ASS,U,AA,105,2,B
Lfd_07,282LT,ABR/JS/AS,S,15.05.2023,12:55:00,13:02:00,NW/ASS,C,AA,13,7,B
Lfd_07,282LT,ABR/JS/AS,S,15.05.2023,12:55:00,13:02:00,NW/ASS,C,PN,30,2,B
Lfd_07,282LT,ABR/JS/AS,S,15.05.2023,12:55:00,13:02:00,NW/ASS,C,AI,37,1,B
Lfd_07,282LT,ABR/JS/AS,S,15.05.2023,12:55:00,13:02:00,NW/ASS,C,PA,60,3,B
Lfd_07,282LT,ABR/JS/AS,S,15.05.2023,12:55:00,13:02:00,NW/ASS,C,PI,103,3,B
Lfd_07,282LT,ABR/JS/AS,S,15.05.2023,12:55:00,13:02:00,NW/ASS,D,PN,4,7,B
Lfd_07,282LT,ABR/JS/AS,S,15.05.2023,12:55:00,13:02:00,NW/ASS,D,AA,54,6,B
Lfd_07,282LT,ABR/JS/AS,S,15.05.2023,12:55:00,13:02:00,NW/ASS,D,AI,84,7,B
Lfd_07,282LT,ABR/JS/AS,S,15.05.2023,12:55:00,13:02:00,NW/ASS,D,PA,97,7,B
Lfd_07,282LT,ABR/JS/AS,S,15.05.2023,12:55:00,13:02:00,NW/ASS,D,PI,114,7,B
Lfd_07,282LT,ABR/JS/AS,S,15.05.2023,12:55:00,13:02:00,NW/ASS,E,PA,34,7,B
Lfd_07,282LT,ABR/JS/AS,S,15.05.2023,12:55:00,13:02:00,NW/ASS,E,AI,52,6,B
Lfd_07,282LT,ABR/JS/AS,S,15.05.2023,12:55:00,13:02:00,NW/ASS,E,AA,75,6,B
Lfd_07,282LT,ABR/JS/AS,S,15.05.2023,12:55:00,13:02:00,NW/ASS,E,PN,94,7,B
Lfd_07,282LT,ABR/JS/AS,S,15.05.2023,12:55:00,13:02:00,NW/ASS,E,PI,109,7,B
Lfd_07,282LT,ABR/JS/AS,S,15.05.2023,12:55:00,13:02:00,NW/ASS,M,PA,9,2,B
Lfd_07,282LT,ABR/JS/AS,S,15.05.2023,12:55:00,13:02:00,NW/ASS,M,AA,28,7,B
Lfd_07,282LT,ABR/JS/AS,S,15.05.2023,12:55:00,13:02:00,NW/ASS,M,PN,73,7,B
Lfd_07,282LT,ABR/JS/AS,S,15.05.2023,12:55:00,13:02:00,NW/ASS,M,PI,88,7,B
Lfd_07,282LT,ABR/JS/AS,S,15.05.2023,12:55:00,13:02:00,NW/ASS,M,AI,99,6,B
Lfd_07,282LT,ABR/JS/AS,S,15.05.2023,12:55:00,13:02:00,NW/ASS,P,PI,19,7,B
Lfd_07,282LT,ABR/JS/AS,S,15.05.2023,12:55:00,13:02:00,NW/ASS,P,PN,39,7,B
Lfd_07,282LT,ABR/JS/AS,S,15.05.2023,12:55:00,13:02:00,NW/ASS,P,AA,67,7,B
Lfd_07,282LT,ABR/JS/AS,S,15.05.2023,12:55:00,13:02:00,NW/ASS,P,PA,79,5,B
Lfd_07,282LT,ABR/JS/AS,S,15.05.2023,12:55:00,13:02:00,NW/ASS,P,AI,117,7,B
Lfd_07,282LT,ABR/JS/AS,S,15.05.2023,12:55:00,13:02:00,NW/ASS,S,AI,7,7,B
Lfd_07,282LT,ABR/JS/AS,S,15.05.2023,12:55:00,13:02:00,NW/ASS,S,PI,45,7,B
Lfd_07,282LT,ABR/JS/AS,S,15.05.2023,12:55:00,13:02:00,NW/ASS,S,PN,58,7,B
Lfd_07,282LT,ABR/JS/AS,S,15.05.2023,12:55:00,13:02:00,NW/ASS,S,AI,90,7,B
Lfd_07,282LT,ABR/JS/AS,S,15.05.2023,12:55:00,13:02:00,NW/ASS,S,PA,119,7,B
Lfd_07,282LT,ABR/JS/AS,S,15.05.2023,12:55:00,13:02:00,NW/ASS,T,PI,22,7,B
Lfd_07,282LT,ABR/JS/AS,S,15.05.2023,12:55:00,13:02:00,NW/ASS,T,AA,43,1,B
Lfd_07,282LT,ABR/JS/AS,S,15.05.2023,12:55:00,13:02:00,NW/ASS,T,AI,64,7,B
Lfd_07,282LT,ABR/JS/AS,S,15.05.2023,12:55:00,13:02:00,NW/ASS,T,PN,82,7,B
Lfd_07,282LT,ABR/JS/AS,S,15.05.2023,12:55:00,13:02:00,NW/ASS,T,PA,112,7,B
Lfd_07,282LT,ABR/JS/AS,S,15.05.2023,12:55:00,13:02:00,NW/ASS,U,PA,15,1,B
Lfd_07,282LT,ABR/JS/AS,S,15.05.2023,12:55:00,13:02:00,NW/ASS,U,AI,24,1,B
Lfd_07,282LT,ABR/JS/AS,S,15.05.2023,12:55:00,13:02:00,NW/ASS,U,PN,49,1,B
Lfd_07,282LT,ABR/JS/AS,S,15.05.2023,12:55:00,13:02:00,NW/ASS,U,PI,69,3,B
Lfd_07,282LT,ABR/JS/AS,S,15.05.2023,12:55:00,13:02:00,NW/ASS,U,AA,105,1,B
Lfd_08,460MM,ABR/JS/AS/SG,E,15.05.2023,16:55:00,17:05:00,AS,C,AA,13,6,B
Lfd_08,460MM,ABR/JS/AS/SG,E,15.05.2023,16:55:00,17:05:00,AS,C,PN,30,1,B
Lfd_08,460MM,ABR/JS/AS/SG,E,15.05.2023,16:55:00,17:05:00,AS,C,AI,37,1,B
Lfd_08,460MM,ABR/JS/AS/SG,E,15.05.2023,16:55:00,17:05:00,AS,C,PA,60,1,B
Lfd_08,460MM,ABR/JS/AS/SG,E,15.05.2023,16:55:00,17:05:00,AS,C,PI,103,1,B
Lfd_08,460MM,ABR/JS/AS/SG,E,15.05.2023,16:55:00,17:05:00,AS,D,PN,4,7,B
Lfd_08,460MM,ABR/JS/AS/SG,E,15.05.2023,16:55:00,17:05:00,AS,D,AA,54,4,B
Lfd_08,460MM,ABR/JS/AS/SG,E,15.05.2023,16:55:00,17:05:00,AS,D,AI,84,7,B
Lfd_08,460MM,ABR/JS/AS/SG,E,15.05.2023,16:55:00,17:05:00,AS,D,PA,97,2,B
Lfd_08,460MM,ABR/JS/AS/SG,E,15.05.2023,16:55:00,17:05:00,AS,D,PI,114,7,B
Lfd_08,460MM,ABR/JS/AS/SG,E,15.05.2023,16:55:00,17:05:00,AS,E,PA,34,7,B
Lfd_08,460MM,ABR/JS/AS/SG,E,15.05.2023,16:55:00,17:05:00,AS,E,AI,52,7,B
Lfd_08,460MM,ABR/JS/AS/SG,E,15.05.2023,16:55:00,17:05:00,AS,E,AA,75,7,B
Lfd_08,460MM,ABR/JS/AS/SG,E,15.05.2023,16:55:00,17:05:00,AS,E,PN,94,7,B
Lfd_08,460MM,ABR/JS/AS/SG,E,15.05.2023,16:55:00,17:05:00,AS,E,PI,109,7,B
Lfd_08,460MM,ABR/JS/AS/SG,E,15.05.2023,16:55:00,17:05:00,AS,M,PA,9,1,B
Lfd_08,460MM,ABR/JS/AS/SG,E,15.05.2023,16:55:00,17:05:00,AS,M,AA,28,7,B
Lfd_08,460MM,ABR/JS/AS/SG,E,15.05.2023,16:55:00,17:05:00,AS,M,PN,73,7,B
Lfd_08,460MM,ABR/JS/AS/SG,E,15.05.2023,16:55:00,17:05:00,AS,M,PI,88,3,B
Lfd_08,460MM,ABR/JS/AS/SG,E,15.05.2023,16:55:00,17:05:00,AS,M,AI,99,7,B
Lfd_08,460MM,ABR/JS/AS/SG,E,15.05.2023,16:55:00,17:05:00,AS,P,PI,19,7,B
Lfd_08,460MM,ABR/JS/AS/SG,E,15.05.2023,16:55:00,17:05:00,AS,P,PN,39,7,B
Lfd_08,460MM,ABR/JS/AS/SG,E,15.05.2023,16:55:00,17:05:00,AS,P,AA,67,1,B
Lfd_08,460MM,ABR/JS/AS/SG,E,15.05.2023,16:55:00,17:05:00,AS,P,PA,79,7,B
Lfd_08,460MM,ABR/JS/AS/SG,E,15.05.2023,16:55:00,17:05:00,AS,P,AI,117,5,B
Lfd_08,460MM,ABR/JS/AS/SG,E,15.05.2023,16:55:00,17:05:00,AS,S,AI,7,4,B
Lfd_08,460MM,ABR/JS/AS/SG,E,15.05.2023,16:55:00,17:05:00,AS,S,PI,45,7,B
Lfd_08,460MM,ABR/JS/AS/SG,E,15.05.2023,16:55:00,17:05:00,AS,S,PN,58,7,B
Lfd_08,460MM,ABR/JS/AS/SG,E,15.05.2023,16:55:00,17:05:00,AS,S,AI,90,7,B
Lfd_08,460MM,ABR/JS/AS/SG,E,15.05.2023,16:55:00,17:05:00,AS,S,PA,119,7,B
Lfd_08,460MM,ABR/JS/AS/SG,E,15.05.2023,16:55:00,17:05:00,AS,T,PI,22,7,B
Lfd_08,460MM,ABR/JS/AS/SG,E,15.05.2023,16:55:00,17:05:00,AS,T,AA,43,7,B
Lfd_08,460MM,ABR/JS/AS/SG,E,15.05.2023,16:55:00,17:05:00,AS,T,AI,64,7,B
Lfd_08,460MM,ABR/JS/AS/SG,E,15.05.2023,16:55:00,17:05:00,AS,T,PN,82,7,B
Lfd_08,460MM,ABR/JS/AS/SG,E,15.05.2023,16:55:00,17:05:00,AS,T,PA,112,7,B
Lfd_08,460MM,ABR/JS/AS/SG,E,15.05.2023,16:55:00,17:05:00,AS,U,PA,15,3,B
Lfd_08,460MM,ABR/JS/AS/SG,E,15.05.2023,16:55:00,17:05:00,AS,U,AI,24,7,B
Lfd_08,460MM,ABR/JS/AS/SG,E,15.05.2023,16:55:00,17:05:00,AS,U,PN,49,1,B
Lfd_08,460MM,ABR/JS/AS/SG,E,15.05.2023,16:55:00,17:05:00,AS,U,PI,69,1,B
Lfd_08,460MM,ABR/JS/AS/SG,E,15.05.2023,16:55:00,17:05:00,AS,U,AA,105,1,B
Lfd_09,4322AC,ABR/JS/AS/SG,S,15.05.2023,16:54:00,17:02:00,AS,C,AA,13,3,B
Lfd_09,4322AC,ABR/JS/AS/SG,S,15.05.2023,16:54:00,17:02:00,AS,C,PN,30,2,B
Lfd_09,4322AC,ABR/JS/AS/SG,S,15.05.2023,16:54:00,17:02:00,AS,C,AI,37,2,B
Lfd_09,4322AC,ABR/JS/AS/SG,S,15.05.2023,16:54:00,17:02:00,AS,C,PA,60,1,B
Lfd_09,4322AC,ABR/JS/AS/SG,S,15.05.2023,16:54:00,17:02:00,AS,C,PI,103,1,B
Lfd_09,4322AC,ABR/JS/AS/SG,S,15.05.2023,16:54:00,17:02:00,AS,D,PN,4,6,B
Lfd_09,4322AC,ABR/JS/AS/SG,S,15.05.2023,16:54:00,17:02:00,AS,D,AA,54,7,B
Lfd_09,4322AC,ABR/JS/AS/SG,S,15.05.2023,16:54:00,17:02:00,AS,D,AI,84,7,B
Lfd_09,4322AC,ABR/JS/AS/SG,S,15.05.2023,16:54:00,17:02:00,AS,D,PA,97,1,B
Lfd_09,4322AC,ABR/JS/AS/SG,S,15.05.2023,16:54:00,17:02:00,AS,D,PI,114,7,B
Lfd_09,4322AC,ABR/JS/AS/SG,S,15.05.2023,16:54:00,17:02:00,AS,E,PA,34,6,B
Lfd_09,4322AC,ABR/JS/AS/SG,S,15.05.2023,16:54:00,17:02:00,AS,E,AI,52,4,B
Lfd_09,4322AC,ABR/JS/AS/SG,S,15.05.2023,16:54:00,17:02:00,AS,E,AA,75,4,B
Lfd_09,4322AC,ABR/JS/AS/SG,S,15.05.2023,16:54:00,17:02:00,AS,E,PN,94,1,B
Lfd_09,4322AC,ABR/JS/AS/SG,S,15.05.2023,16:54:00,17:02:00,AS,E,PI,109,2,B
Lfd_09,4322AC,ABR/JS/AS/SG,S,15.05.2023,16:54:00,17:02:00,AS,M,PA,9,2,B
Lfd_09,4322AC,ABR/JS/AS/SG,S,15.05.2023,16:54:00,17:02:00,AS,M,AA,28,7,B
Lfd_09,4322AC,ABR/JS/AS/SG,S,15.05.2023,16:54:00,17:02:00,AS,M,PN,73,7,B
Lfd_09,4322AC,ABR/JS/AS/SG,S,15.05.2023,16:54:00,17:02:00,AS,M,PI,88,2,B
Lfd_09,4322AC,ABR/JS/AS/SG,S,15.05.2023,16:54:00,17:02:00,AS,M,AI,99,1,B
Lfd_09,4322AC,ABR/JS/AS/SG,S,15.05.2023,16:54:00,17:02:00,AS,P,PI,19,7,B
Lfd_09,4322AC,ABR/JS/AS/SG,S,15.05.2023,16:54:00,17:02:00,AS,P,PN,39,7,B
Lfd_09,4322AC,ABR/JS/AS/SG,S,15.05.2023,16:54:00,17:02:00,AS,P,AA,67,6,B
Lfd_09,4322AC,ABR/JS/AS/SG,S,15.05.2023,16:54:00,17:02:00,AS,P,PA,79,5,B
Lfd_09,4322AC,ABR/JS/AS/SG,S,15.05.2023,16:54:00,17:02:00,AS,P,AI,117,6,B
Lfd_09,4322AC,ABR/JS/AS/SG,S,15.05.2023,16:54:00,17:02:00,AS,S,AI,7,7,B
Lfd_09,4322AC,ABR/JS/AS/SG,S,15.05.2023,16:54:00,17:02:00,AS,S,PI,45,7,B
Lfd_09,4322AC,ABR/JS/AS/SG,S,15.05.2023,16:54:00,17:02:00,AS,S,PN,58,7,B
Lfd_09,4322AC,ABR/JS/AS/SG,S,15.05.2023,16:54:00,17:02:00,AS,S,AI,90,6,B
Lfd_09,4322AC,ABR/JS/AS/SG,S,15.05.2023,16:54:00,17:02:00,AS,S,PA,119,3,B
Lfd_09,4322AC,ABR/JS/AS/SG,S,15.05.2023,16:54:00,17:02:00,AS,T,PI,22,3,B
Lfd_09,4322AC,ABR/JS/AS/SG,S,15.05.2023,16:54:00,17:02:00,AS,T,AA,43,7,B
Lfd_09,4322AC,ABR/JS/AS/SG,S,15.05.2023,16:54:00,17:02:00,AS,T,AI,64,3,B
Lfd_09,4322AC,ABR/JS/AS/SG,S,15.05.2023,16:54:00,17:02:00,AS,T,PN,82,6,B
Lfd_09,4322AC,ABR/JS/AS/SG,S,15.05.2023,16:54:00,17:02:00,AS,T,PA,112,6,B
Lfd_09,4322AC,ABR/JS/AS/SG,S,15.05.2023,16:54:00,17:02:00,AS,U,PA,15,1,B
Lfd_09,4322AC,ABR/JS/AS/SG,S,15.05.2023,16:54:00,17:02:00,AS,U,AI,24,5,B
Lfd_09,4322AC,ABR/JS/AS/SG,S,15.05.2023,16:54:00,17:02:00,AS,U,PN,49,1,B
Lfd_09,4322AC,ABR/JS/AS/SG,S,15.05.2023,16:54:00,17:02:00,AS,U,PI,69,5,B
Lfd_09,4322AC,ABR/JS/AS/SG,S,15.05.2023,16:54:00,17:02:00,AS,U,AA,105,1,B
Lfd_10,164EU,ABR/JS/AS/SG,S,15.05.2023,16:15:00,16:25:00,AS,C,AA,13,7,S
Lfd_10,164EU,ABR/JS/AS/SG,S,15.05.2023,16:15:00,16:25:00,AS,C,PN,30,3,S
Lfd_10,164EU,ABR/JS/AS/SG,S,15.05.2023,16:15:00,16:25:00,AS,C,AI,37,2,S
Lfd_10,164EU,ABR/JS/AS/SG,S,15.05.2023,16:15:00,16:25:00,AS,C,PA,60,2,S
Lfd_10,164EU,ABR/JS/AS/SG,S,15.05.2023,16:15:00,16:25:00,AS,C,PI,103,2,S
Lfd_10,164EU,ABR/JS/AS/SG,S,15.05.2023,16:15:00,16:25:00,AS,D,PN,4,7,S
Lfd_10,164EU,ABR/JS/AS/SG,S,15.05.2023,16:15:00,16:25:00,AS,D,AA,54,7,S
Lfd_10,164EU,ABR/JS/AS/SG,S,15.05.2023,16:15:00,16:25:00,AS,D,AI,84,7,S
Lfd_10,164EU,ABR/JS/AS/SG,S,15.05.2023,16:15:00,16:25:00,AS,D,PA,97,6,S
Lfd_10,164EU,ABR/JS/AS/SG,S,15.05.2023,16:15:00,16:25:00,AS,D,PI,114,7,S
Lfd_10,164EU,ABR/JS/AS/SG,S,15.05.2023,16:15:00,16:25:00,AS,E,PA,34,7,S
Lfd_10,164EU,ABR/JS/AS/SG,S,15.05.2023,16:15:00,16:25:00,AS,E,AI,52,7,S
Lfd_10,164EU,ABR/JS/AS/SG,S,15.05.2023,16:15:00,16:25:00,AS,E,AA,75,7,S
Lfd_10,164EU,ABR/JS/AS/SG,S,15.05.2023,16:15:00,16:25:00,AS,E,PN,94,6,S
Lfd_10,164EU,ABR/JS/AS/SG,S,15.05.2023,16:15:00,16:25:00,AS,E,PI,109,7,S
Lfd_10,164EU,ABR/JS/AS/SG,S,15.05.2023,16:15:00,16:25:00,AS,M,PA,9,1,S
Lfd_10,164EU,ABR/JS/AS/SG,S,15.05.2023,16:15:00,16:25:00,AS,M,AA,28,7,S
Lfd_10,164EU,ABR/JS/AS/SG,S,15.05.2023,16:15:00,16:25:00,AS,M,PN,73,7,S
Lfd_10,164EU,ABR/JS/AS/SG,S,15.05.2023,16:15:00,16:25:00,AS,M,PI,88,7,S
Lfd_10,164EU,ABR/JS/AS/SG,S,15.05.2023,16:15:00,16:25:00,AS,M,AI,99,7,S
Lfd_10,164EU,ABR/JS/AS/SG,S,15.05.2023,16:15:00,16:25:00,AS,P,PI,19,7,S
Lfd_10,164EU,ABR/JS/AS/SG,S,15.05.2023,16:15:00,16:25:00,AS,P,PN,39,7,S
Lfd_10,164EU,ABR/JS/AS/SG,S,15.05.2023,16:15:00,16:25:00,AS,P,AA,67,7,S
Lfd_10,164EU,ABR/JS/AS/SG,S,15.05.2023,16:15:00,16:25:00,AS,P,PA,79,7,S
Lfd_10,164EU,ABR/JS/AS/SG,S,15.05.2023,16:15:00,16:25:00,AS,P,AI,117,7,S
Lfd_10,164EU,ABR/JS/AS/SG,S,15.05.2023,16:15:00,16:25:00,AS,S,AI,7,6,S
Lfd_10,164EU,ABR/JS/AS/SG,S,15.05.2023,16:15:00,16:25:00,AS,S,PI,45,7,S
Lfd_10,164EU,ABR/JS/AS/SG,S,15.05.2023,16:15:00,16:25:00,AS,S,PN,58,7,S
Lfd_10,164EU,ABR/JS/AS/SG,S,15.05.2023,16:15:00,16:25:00,AS,S,AI,90,7,S
Lfd_10,164EU,ABR/JS/AS/SG,S,15.05.2023,16:15:00,16:25:00,AS,S,PA,119,7,S
Lfd_10,164EU,ABR/JS/AS/SG,S,15.05.2023,16:15:00,16:25:00,AS,T,PI,22,7,S
Lfd_10,164EU,ABR/JS/AS/SG,S,15.05.2023,16:15:00,16:25:00,AS,T,AA,43,7,S
Lfd_10,164EU,ABR/JS/AS/SG,S,15.05.2023,16:15:00,16:25:00,AS,T,AI,64,7,S
Lfd_10,164EU,ABR/JS/AS/SG,S,15.05.2023,16:15:00,16:25:00,AS,T,PN,82,7,S
Lfd_10,164EU,ABR/JS/AS/SG,S,15.05.2023,16:15:00,16:25:00,AS,T,PA,112,7,S
Lfd_10,164EU,ABR/JS/AS/SG,S,15.05.2023,16:15:00,16:25:00,AS,U,PA,15,NA,S
Lfd_10,164EU,ABR/JS/AS/SG,S,15.05.2023,16:15:00,16:25:00,AS,U,AI,24,4,S
Lfd_10,164EU,ABR/JS/AS/SG,S,15.05.2023,16:15:00,16:25:00,AS,U,PN,49,7,S
Lfd_10,164EU,ABR/JS/AS/SG,S,15.05.2023,16:15:00,16:25:00,AS,U,PI,69,7,S
Lfd_10,164EU,ABR/JS/AS/SG,S,15.05.2023,16:15:00,16:25:00,AS,U,AA,105,7,S
Lfd_11,123AO1,SG/AS/ASS/DS,E,18.05.2023,11:51:00,12:02:00,ABR/JS,C,AA,13,7,B
Lfd_11,123AO1,SG/AS/ASS/DS,E,18.05.2023,11:51:00,12:02:00,ABR/JS,C,PN,30,4,B
Lfd_11,123AO1,SG/AS/ASS/DS,E,18.05.2023,11:51:00,12:02:00,ABR/JS,C,AI,37,5,B
Lfd_11,123AO1,SG/AS/ASS/DS,E,18.05.2023,11:51:00,12:02:00,ABR/JS,C,PA,60,6,B
Lfd_11,123AO1,SG/AS/ASS/DS,E,18.05.2023,11:51:00,12:02:00,ABR/JS,C,PI,103,7,B
Lfd_11,123AO1,SG/AS/ASS/DS,E,18.05.2023,11:51:00,12:02:00,ABR/JS,D,PN,4,7,B
Lfd_11,123AO1,SG/AS/ASS/DS,E,18.05.2023,11:51:00,12:02:00,ABR/JS,D,AA,54,7,B
Lfd_11,123AO1,SG/AS/ASS/DS,E,18.05.2023,11:51:00,12:02:00,ABR/JS,D,AI,84,7,B
Lfd_11,123AO1,SG/AS/ASS/DS,E,18.05.2023,11:51:00,12:02:00,ABR/JS,D,PA,97,4,B
Lfd_11,123AO1,SG/AS/ASS/DS,E,18.05.2023,11:51:00,12:02:00,ABR/JS,D,PI,114,7,B
Lfd_11,123AO1,SG/AS/ASS/DS,E,18.05.2023,11:51:00,12:02:00,ABR/JS,E,PA,34,7,B
Lfd_11,123AO1,SG/AS/ASS/DS,E,18.05.2023,11:51:00,12:02:00,ABR/JS,E,AI,52,6,B
Lfd_11,123AO1,SG/AS/ASS/DS,E,18.05.2023,11:51:00,12:02:00,ABR/JS,E,AA,75,7,B
Lfd_11,123AO1,SG/AS/ASS/DS,E,18.05.2023,11:51:00,12:02:00,ABR/JS,E,PN,94,7,B
Lfd_11,123AO1,SG/AS/ASS/DS,E,18.05.2023,11:51:00,12:02:00,ABR/JS,E,PI,109,7,B
Lfd_11,123AO1,SG/AS/ASS/DS,E,18.05.2023,11:51:00,12:02:00,ABR/JS,M,PA,9,4,B
Lfd_11,123AO1,SG/AS/ASS/DS,E,18.05.2023,11:51:00,12:02:00,ABR/JS,M,AA,28,7,B
Lfd_11,123AO1,SG/AS/ASS/DS,E,18.05.2023,11:51:00,12:02:00,ABR/JS,M,PN,73,7,B
Lfd_11,123AO1,SG/AS/ASS/DS,E,18.05.2023,11:51:00,12:02:00,ABR/JS,M,PI,88,7,B
Lfd_11,123AO1,SG/AS/ASS/DS,E,18.05.2023,11:51:00,12:02:00,ABR/JS,M,AI,99,7,B
Lfd_11,123AO1,SG/AS/ASS/DS,E,18.05.2023,11:51:00,12:02:00,ABR/JS,P,PI,19,7,B
Lfd_11,123AO1,SG/AS/ASS/DS,E,18.05.2023,11:51:00,12:02:00,ABR/JS,P,PN,39,7,B
Lfd_11,123AO1,SG/AS/ASS/DS,E,18.05.2023,11:51:00,12:02:00,ABR/JS,P,AA,67,7,B
Lfd_11,123AO1,SG/AS/ASS/DS,E,18.05.2023,11:51:00,12:02:00,ABR/JS,P,PA,79,7,B
Lfd_11,123AO1,SG/AS/ASS/DS,E,18.05.2023,11:51:00,12:02:00,ABR/JS,P,AI,117,7,B
Lfd_11,123AO1,SG/AS/ASS/DS,E,18.05.2023,11:51:00,12:02:00,ABR/JS,S,AI,7,7,B
Lfd_11,123AO1,SG/AS/ASS/DS,E,18.05.2023,11:51:00,12:02:00,ABR/JS,S,PI,45,7,B
Lfd_11,123AO1,SG/AS/ASS/DS,E,18.05.2023,11:51:00,12:02:00,ABR/JS,S,PN,58,7,B
Lfd_11,123AO1,SG/AS/ASS/DS,E,18.05.2023,11:51:00,12:02:00,ABR/JS,S,AI,90,7,B
Lfd_11,123AO1,SG/AS/ASS/DS,E,18.05.2023,11:51:00,12:02:00,ABR/JS,S,PA,119,7,B
Lfd_11,123AO1,SG/AS/ASS/DS,E,18.05.2023,11:51:00,12:02:00,ABR/JS,T,PI,22,7,B
Lfd_11,123AO1,SG/AS/ASS/DS,E,18.05.2023,11:51:00,12:02:00,ABR/JS,T,AA,43,7,B
Lfd_11,123AO1,SG/AS/ASS/DS,E,18.05.2023,11:51:00,12:02:00,ABR/JS,T,AI,64,4,B
Lfd_11,123AO1,SG/AS/ASS/DS,E,18.05.2023,11:51:00,12:02:00,ABR/JS,T,PN,82,7,B
Lfd_11,123AO1,SG/AS/ASS/DS,E,18.05.2023,11:51:00,12:02:00,ABR/JS,T,PA,112,7,B
Lfd_11,123AO1,SG/AS/ASS/DS,E,18.05.2023,11:51:00,12:02:00,ABR/JS,U,PA,15,2,B
Lfd_11,123AO1,SG/AS/ASS/DS,E,18.05.2023,11:51:00,12:02:00,ABR/JS,U,AI,24,4,B
Lfd_11,123AO1,SG/AS/ASS/DS,E,18.05.2023,11:51:00,12:02:00,ABR/JS,U,PN,49,5,B
Lfd_11,123AO1,SG/AS/ASS/DS,E,18.05.2023,11:51:00,12:02:00,ABR/JS,U,PI,69,7,B
Lfd_11,123AO1,SG/AS/ASS/DS,E,18.05.2023,11:51:00,12:02:00,ABR/JS,U,AA,105,7,B
Lfd_12,321UU,SG/AS/ASS/DS,E,18.05.2023,11:51:00,12:01:00,ABR/JS,C,AA,13,6,B
Lfd_12,321UU,SG/AS/ASS/DS,E,18.05.2023,11:51:00,12:01:00,ABR/JS,C,PN,30,1,B
Lfd_12,321UU,SG/AS/ASS/DS,E,18.05.2023,11:51:00,12:01:00,ABR/JS,C,AI,37,3,B
Lfd_12,321UU,SG/AS/ASS/DS,E,18.05.2023,11:51:00,12:01:00,ABR/JS,C,PA,60,4,B
Lfd_12,321UU,SG/AS/ASS/DS,E,18.05.2023,11:51:00,12:01:00,ABR/JS,C,PI,103,2,B
Lfd_12,321UU,SG/AS/ASS/DS,E,18.05.2023,11:51:00,12:01:00,ABR/JS,D,PN,4,6,B
Lfd_12,321UU,SG/AS/ASS/DS,E,18.05.2023,11:51:00,12:01:00,ABR/JS,D,AA,54,4,B
Lfd_12,321UU,SG/AS/ASS/DS,E,18.05.2023,11:51:00,12:01:00,ABR/JS,D,AI,84,7,B
Lfd_12,321UU,SG/AS/ASS/DS,E,18.05.2023,11:51:00,12:01:00,ABR/JS,D,PA,97,3,B
Lfd_12,321UU,SG/AS/ASS/DS,E,18.05.2023,11:51:00,12:01:00,ABR/JS,D,PI,114,7,B
Lfd_12,321UU,SG/AS/ASS/DS,E,18.05.2023,11:51:00,12:01:00,ABR/JS,E,PA,34,6,B
Lfd_12,321UU,SG/AS/ASS/DS,E,18.05.2023,11:51:00,12:01:00,ABR/JS,E,AI,52,6,B
Lfd_12,321UU,SG/AS/ASS/DS,E,18.05.2023,11:51:00,12:01:00,ABR/JS,E,AA,75,7,B
Lfd_12,321UU,SG/AS/ASS/DS,E,18.05.2023,11:51:00,12:01:00,ABR/JS,E,PN,94,2,B
Lfd_12,321UU,SG/AS/ASS/DS,E,18.05.2023,11:51:00,12:01:00,ABR/JS,E,PI,109,7,B
Lfd_12,321UU,SG/AS/ASS/DS,E,18.05.2023,11:51:00,12:01:00,ABR/JS,M,PA,9,2,B
Lfd_12,321UU,SG/AS/ASS/DS,E,18.05.2023,11:51:00,12:01:00,ABR/JS,M,AA,28,6,B
Lfd_12,321UU,SG/AS/ASS/DS,E,18.05.2023,11:51:00,12:01:00,ABR/JS,M,PN,73,3,B
Lfd_12,321UU,SG/AS/ASS/DS,E,18.05.2023,11:51:00,12:01:00,ABR/JS,M,PI,88,7,B
Lfd_12,321UU,SG/AS/ASS/DS,E,18.05.2023,11:51:00,12:01:00,ABR/JS,M,AI,99,6,B
Lfd_12,321UU,SG/AS/ASS/DS,E,18.05.2023,11:51:00,12:01:00,ABR/JS,P,PI,19,7,B
Lfd_12,321UU,SG/AS/ASS/DS,E,18.05.2023,11:51:00,12:01:00,ABR/JS,P,PN,39,7,B
Lfd_12,321UU,SG/AS/ASS/DS,E,18.05.2023,11:51:00,12:01:00,ABR/JS,P,AA,67,7,B
Lfd_12,321UU,SG/AS/ASS/DS,E,18.05.2023,11:51:00,12:01:00,ABR/JS,P,PA,79,7,B
Lfd_12,321UU,SG/AS/ASS/DS,E,18.05.2023,11:51:00,12:01:00,ABR/JS,P,AI,117,7,B
Lfd_12,321UU,SG/AS/ASS/DS,E,18.05.2023,11:51:00,12:01:00,ABR/JS,S,AI,7,6,B
Lfd_12,321UU,SG/AS/ASS/DS,E,18.05.2023,11:51:00,12:01:00,ABR/JS,S,PI,45,7,B
Lfd_12,321UU,SG/AS/ASS/DS,E,18.05.2023,11:51:00,12:01:00,ABR/JS,S,PN,58,7,B
Lfd_12,321UU,SG/AS/ASS/DS,E,18.05.2023,11:51:00,12:01:00,ABR/JS,S,AI,90,7,B
Lfd_12,321UU,SG/AS/ASS/DS,E,18.05.2023,11:51:00,12:01:00,ABR/JS,S,PA,119,7,B
Lfd_12,321UU,SG/AS/ASS/DS,E,18.05.2023,11:51:00,12:01:00,ABR/JS,T,PI,22,6,B
Lfd_12,321UU,SG/AS/ASS/DS,E,18.05.2023,11:51:00,12:01:00,ABR/JS,T,AA,43,5,B
Lfd_12,321UU,SG/AS/ASS/DS,E,18.05.2023,11:51:00,12:01:00,ABR/JS,T,AI,64,7,B
Lfd_12,321UU,SG/AS/ASS/DS,E,18.05.2023,11:51:00,12:01:00,ABR/JS,T,PN,82,6,B
Lfd_12,321UU,SG/AS/ASS/DS,E,18.05.2023,11:51:00,12:01:00,ABR/JS,T,PA,112,5,B
Lfd_12,321UU,SG/AS/ASS/DS,E,18.05.2023,11:51:00,12:01:00,ABR/JS,U,PA,15,3,B
Lfd_12,321UU,SG/AS/ASS/DS,E,18.05.2023,11:51:00,12:01:00,ABR/JS,U,AI,24,3,B
Lfd_12,321UU,SG/AS/ASS/DS,E,18.05.2023,11:51:00,12:01:00,ABR/JS,U,PN,49,3,B
Lfd_12,321UU,SG/AS/ASS/DS,E,18.05.2023,11:51:00,12:01:00,ABR/JS,U,PI,69,3,B
Lfd_12,321UU,SG/AS/ASS/DS,E,18.05.2023,11:51:00,12:01:00,ABR/JS,U,AA,105,1,B
Lfd_13,224AA,SG/AS/ASS/DS,E,18.05.2023,12:31:00,12:42:00,ABR/JS,C,AA,13,7,B
Lfd_13,224AA,SG/AS/ASS/DS,E,18.05.2023,12:31:00,12:42:00,ABR/JS,C,PN,30,6,B
Lfd_13,224AA,SG/AS/ASS/DS,E,18.05.2023,12:31:00,12:42:00,ABR/JS,C,AI,37,4,B
Lfd_13,224AA,SG/AS/ASS/DS,E,18.05.2023,12:31:00,12:42:00,ABR/JS,C,PA,60,1,B
Lfd_13,224AA,SG/AS/ASS/DS,E,18.05.2023,12:31:00,12:42:00,ABR/JS,C,PI,103,1,B
Lfd_13,224AA,SG/AS/ASS/DS,E,18.05.2023,12:31:00,12:42:00,ABR/JS,D,PN,4,7,B
Lfd_13,224AA,SG/AS/ASS/DS,E,18.05.2023,12:31:00,12:42:00,ABR/JS,D,AA,54,7,B
Lfd_13,224AA,SG/AS/ASS/DS,E,18.05.2023,12:31:00,12:42:00,ABR/JS,D,AI,84,7,B
Lfd_13,224AA,SG/AS/ASS/DS,E,18.05.2023,12:31:00,12:42:00,ABR/JS,D,PA,97,7,B
Lfd_13,224AA,SG/AS/ASS/DS,E,18.05.2023,12:31:00,12:42:00,ABR/JS,D,PI,114,7,B
Lfd_13,224AA,SG/AS/ASS/DS,E,18.05.2023,12:31:00,12:42:00,ABR/JS,E,PA,34,7,B
Lfd_13,224AA,SG/AS/ASS/DS,E,18.05.2023,12:31:00,12:42:00,ABR/JS,E,AI,52,7,B
Lfd_13,224AA,SG/AS/ASS/DS,E,18.05.2023,12:31:00,12:42:00,ABR/JS,E,AA,75,7,B
Lfd_13,224AA,SG/AS/ASS/DS,E,18.05.2023,12:31:00,12:42:00,ABR/JS,E,PN,94,7,B
Lfd_13,224AA,SG/AS/ASS/DS,E,18.05.2023,12:31:00,12:42:00,ABR/JS,E,PI,109,7,B
Lfd_13,224AA,SG/AS/ASS/DS,E,18.05.2023,12:31:00,12:42:00,ABR/JS,M,PA,9,2,B
Lfd_13,224AA,SG/AS/ASS/DS,E,18.05.2023,12:31:00,12:42:00,ABR/JS,M,AA,28,7,B
Lfd_13,224AA,SG/AS/ASS/DS,E,18.05.2023,12:31:00,12:42:00,ABR/JS,M,PN,73,2,B
Lfd_13,224AA,SG/AS/ASS/DS,E,18.05.2023,12:31:00,12:42:00,ABR/JS,M,PI,88,6,B
Lfd_13,224AA,SG/AS/ASS/DS,E,18.05.2023,12:31:00,12:42:00,ABR/JS,M,AI,99,7,B
Lfd_13,224AA,SG/AS/ASS/DS,E,18.05.2023,12:31:00,12:42:00,ABR/JS,P,PI,19,7,B
Lfd_13,224AA,SG/AS/ASS/DS,E,18.05.2023,12:31:00,12:42:00,ABR/JS,P,PN,39,7,B
Lfd_13,224AA,SG/AS/ASS/DS,E,18.05.2023,12:31:00,12:42:00,ABR/JS,P,AA,67,7,B
Lfd_13,224AA,SG/AS/ASS/DS,E,18.05.2023,12:31:00,12:42:00,ABR/JS,P,PA,79,7,B
Lfd_13,224AA,SG/AS/ASS/DS,E,18.05.2023,12:31:00,12:42:00,ABR/JS,P,AI,117,7,B
Lfd_13,224AA,SG/AS/ASS/DS,E,18.05.2023,12:31:00,12:42:00,ABR/JS,S,AI,7,7,B
Lfd_13,224AA,SG/AS/ASS/DS,E,18.05.2023,12:31:00,12:42:00,ABR/JS,S,PI,45,7,B
Lfd_13,224AA,SG/AS/ASS/DS,E,18.05.2023,12:31:00,12:42:00,ABR/JS,S,PN,58,7,B
Lfd_13,224AA,SG/AS/ASS/DS,E,18.05.2023,12:31:00,12:42:00,ABR/JS,S,AI,90,7,B
Lfd_13,224AA,SG/AS/ASS/DS,E,18.05.2023,12:31:00,12:42:00,ABR/JS,S,PA,119,7,B
Lfd_13,224AA,SG/AS/ASS/DS,E,18.05.2023,12:31:00,12:42:00,ABR/JS,T,PI,22,7,B
Lfd_13,224AA,SG/AS/ASS/DS,E,18.05.2023,12:31:00,12:42:00,ABR/JS,T,AA,43,7,B
Lfd_13,224AA,SG/AS/ASS/DS,E,18.05.2023,12:31:00,12:42:00,ABR/JS,T,AI,64,7,B
Lfd_13,224AA,SG/AS/ASS/DS,E,18.05.2023,12:31:00,12:42:00,ABR/JS,T,PN,82,7,B
Lfd_13,224AA,SG/AS/ASS/DS,E,18.05.2023,12:31:00,12:42:00,ABR/JS,T,PA,112,7,B
Lfd_13,224AA,SG/AS/ASS/DS,E,18.05.2023,12:31:00,12:42:00,ABR/JS,U,PA,15,2,B
Lfd_13,224AA,SG/AS/ASS/DS,E,18.05.2023,12:31:00,12:42:00,ABR/JS,U,AI,24,4,B
Lfd_13,224AA,SG/AS/ASS/DS,E,18.05.2023,12:31:00,12:42:00,ABR/JS,U,PN,49,4,B
Lfd_13,224AA,SG/AS/ASS/DS,E,18.05.2023,12:31:00,12:42:00,ABR/JS,U,PI,69,2,B
Lfd_13,224AA,SG/AS/ASS/DS,E,18.05.2023,12:31:00,12:42:00,ABR/JS,U,AA,105,4,B
Lfd_14,789AU,AS/SG,E,18.05.2023,14:30:00,14:49:00,ASS,C,AA,13,5,B
Lfd_14,789AU,AS/SG,E,18.05.2023,14:30:00,14:49:00,ASS,C,PN,30,2,B
Lfd_14,789AU,AS/SG,E,18.05.2023,14:30:00,14:49:00,ASS,C,AI,37,3,B
Lfd_14,789AU,AS/SG,E,18.05.2023,14:30:00,14:49:00,ASS,C,PA,60,1,B
Lfd_14,789AU,AS/SG,E,18.05.2023,14:30:00,14:49:00,ASS,C,PI,103,3,B
Lfd_14,789AU,AS/SG,E,18.05.2023,14:30:00,14:49:00,ASS,D,PN,4,5,B
Lfd_14,789AU,AS/SG,E,18.05.2023,14:30:00,14:49:00,ASS,D,AA,54,5,B
Lfd_14,789AU,AS/SG,E,18.05.2023,14:30:00,14:49:00,ASS,D,AI,84,7,B
Lfd_14,789AU,AS/SG,E,18.05.2023,14:30:00,14:49:00,ASS,D,PA,97,5,B
Lfd_14,789AU,AS/SG,E,18.05.2023,14:30:00,14:49:00,ASS,D,PI,114,6,B
Lfd_14,789AU,AS/SG,E,18.05.2023,14:30:00,14:49:00,ASS,E,PA,34,6,B
Lfd_14,789AU,AS/SG,E,18.05.2023,14:30:00,14:49:00,ASS,E,AI,52,2,B
Lfd_14,789AU,AS/SG,E,18.05.2023,14:30:00,14:49:00,ASS,E,AA,75,6,B
Lfd_14,789AU,AS/SG,E,18.05.2023,14:30:00,14:49:00,ASS,E,PN,94,5,B
Lfd_14,789AU,AS/SG,E,18.05.2023,14:30:00,14:49:00,ASS,E,PI,109,5,B
Lfd_14,789AU,AS/SG,E,18.05.2023,14:30:00,14:49:00,ASS,M,PA,9,2,B
Lfd_14,789AU,AS/SG,E,18.05.2023,14:30:00,14:49:00,ASS,M,AA,28,5,B
Lfd_14,789AU,AS/SG,E,18.05.2023,14:30:00,14:49:00,ASS,M,PN,73,5,B
Lfd_14,789AU,AS/SG,E,18.05.2023,14:30:00,14:49:00,ASS,M,PI,88,3,B
Lfd_14,789AU,AS/SG,E,18.05.2023,14:30:00,14:49:00,ASS,M,AI,99,5,B
Lfd_14,789AU,AS/SG,E,18.05.2023,14:30:00,14:49:00,ASS,P,PI,19,5,B
Lfd_14,789AU,AS/SG,E,18.05.2023,14:30:00,14:49:00,ASS,P,PN,39,5,B
Lfd_14,789AU,AS/SG,E,18.05.2023,14:30:00,14:49:00,ASS,P,AA,67,6,B
Lfd_14,789AU,AS/SG,E,18.05.2023,14:30:00,14:49:00,ASS,P,PA,79,7,B
Lfd_14,789AU,AS/SG,E,18.05.2023,14:30:00,14:49:00,ASS,P,AI,117,6,B
Lfd_14,789AU,AS/SG,E,18.05.2023,14:30:00,14:49:00,ASS,S,AI,7,6,B
Lfd_14,789AU,AS/SG,E,18.05.2023,14:30:00,14:49:00,ASS,S,PI,45,5,B
Lfd_14,789AU,AS/SG,E,18.05.2023,14:30:00,14:49:00,ASS,S,PN,58,1,B
Lfd_14,789AU,AS/SG,E,18.05.2023,14:30:00,14:49:00,ASS,S,AI,90,3,B
Lfd_14,789AU,AS/SG,E,18.05.2023,14:30:00,14:49:00,ASS,S,PA,119,3,B
Lfd_14,789AU,AS/SG,E,18.05.2023,14:30:00,14:49:00,ASS,T,PI,22,5,B
Lfd_14,789AU,AS/SG,E,18.05.2023,14:30:00,14:49:00,ASS,T,AA,43,6,B
Lfd_14,789AU,AS/SG,E,18.05.2023,14:30:00,14:49:00,ASS,T,AI,64,3,B
Lfd_14,789AU,AS/SG,E,18.05.2023,14:30:00,14:49:00,ASS,T,PN,82,7,B
Lfd_14,789AU,AS/SG,E,18.05.2023,14:30:00,14:49:00,ASS,T,PA,112,4,B
Lfd_14,789AU,AS/SG,E,18.05.2023,14:30:00,14:49:00,ASS,U,PA,15,2,B
Lfd_14,789AU,AS/SG,E,18.05.2023,14:30:00,14:49:00,ASS,U,AI,24,4,B
Lfd_14,789AU,AS/SG,E,18.05.2023,14:30:00,14:49:00,ASS,U,PN,49,2,B
Lfd_14,789AU,AS/SG,E,18.05.2023,14:30:00,14:49:00,ASS,U,PI,69,3,B
Lfd_14,789AU,AS/SG,E,18.05.2023,14:30:00,14:49:00,ASS,U,AA,105,3,B
Lfd_15,888OI,ABR/JS,E,18.05.2023,14:34:00,14:49:00,ABR/JS,C,AA,13,3,S
Lfd_15,888OI,ABR/JS,E,18.05.2023,14:34:00,14:49:00,ABR/JS,C,PN,30,1,S
Lfd_15,888OI,ABR/JS,E,18.05.2023,14:34:00,14:49:00,ABR/JS,C,AI,37,2,S
Lfd_15,888OI,ABR/JS,E,18.05.2023,14:34:00,14:49:00,ABR/JS,C,PA,60,1,S
Lfd_15,888OI,ABR/JS,E,18.05.2023,14:34:00,14:49:00,ABR/JS,C,PI,103,1,S
Lfd_15,888OI,ABR/JS,E,18.05.2023,14:34:00,14:49:00,ABR/JS,D,PN,4,7,S
Lfd_15,888OI,ABR/JS,E,18.05.2023,14:34:00,14:49:00,ABR/JS,D,AA,54,5,S
Lfd_15,888OI,ABR/JS,E,18.05.2023,14:34:00,14:49:00,ABR/JS,D,AI,84,6,S
Lfd_15,888OI,ABR/JS,E,18.05.2023,14:34:00,14:49:00,ABR/JS,D,PA,97,7,S
Lfd_15,888OI,ABR/JS,E,18.05.2023,14:34:00,14:49:00,ABR/JS,D,PI,114,5,S
Lfd_15,888OI,ABR/JS,E,18.05.2023,14:34:00,14:49:00,ABR/JS,E,PA,34,3,S
Lfd_15,888OI,ABR/JS,E,18.05.2023,14:34:00,14:49:00,ABR/JS,E,AI,52,3,S
Lfd_15,888OI,ABR/JS,E,18.05.2023,14:34:00,14:49:00,ABR/JS,E,AA,75,4,S
Lfd_15,888OI,ABR/JS,E,18.05.2023,14:34:00,14:49:00,ABR/JS,E,PN,94,1,S
Lfd_15,888OI,ABR/JS,E,18.05.2023,14:34:00,14:49:00,ABR/JS,E,PI,109,7,S
Lfd_15,888OI,ABR/JS,E,18.05.2023,14:34:00,14:49:00,ABR/JS,M,PA,9,1,S
Lfd_15,888OI,ABR/JS,E,18.05.2023,14:34:00,14:49:00,ABR/JS,M,AA,28,5,S
Lfd_15,888OI,ABR/JS,E,18.05.2023,14:34:00,14:49:00,ABR/JS,M,PN,73,1,S
Lfd_15,888OI,ABR/JS,E,18.05.2023,14:34:00,14:49:00,ABR/JS,M,PI,88,2,S
Lfd_15,888OI,ABR/JS,E,18.05.2023,14:34:00,14:49:00,ABR/JS,M,AI,99,2,S
Lfd_15,888OI,ABR/JS,E,18.05.2023,14:34:00,14:49:00,ABR/JS,P,PI,19,7,S
Lfd_15,888OI,ABR/JS,E,18.05.2023,14:34:00,14:49:00,ABR/JS,P,PN,39,2,S
Lfd_15,888OI,ABR/JS,E,18.05.2023,14:34:00,14:49:00,ABR/JS,P,AA,67,2,S
Lfd_15,888OI,ABR/JS,E,18.05.2023,14:34:00,14:49:00,ABR/JS,P,PA,79,1,S
Lfd_15,888OI,ABR/JS,E,18.05.2023,14:34:00,14:49:00,ABR/JS,P,AI,117,1,S
Lfd_15,888OI,ABR/JS,E,18.05.2023,14:34:00,14:49:00,ABR/JS,S,AI,7,2,S
Lfd_15,888OI,ABR/JS,E,18.05.2023,14:34:00,14:49:00,ABR/JS,S,PI,45,7,S
Lfd_15,888OI,ABR/JS,E,18.05.2023,14:34:00,14:49:00,ABR/JS,S,PN,58,7,S
Lfd_15,888OI,ABR/JS,E,18.05.2023,14:34:00,14:49:00,ABR/JS,S,AI,90,7,S
Lfd_15,888OI,ABR/JS,E,18.05.2023,14:34:00,14:49:00,ABR/JS,S,PA,119,3,S
Lfd_15,888OI,ABR/JS,E,18.05.2023,14:34:00,14:49:00,ABR/JS,T,PI,22,4,S
Lfd_15,888OI,ABR/JS,E,18.05.2023,14:34:00,14:49:00,ABR/JS,T,AA,43,2,S
Lfd_15,888OI,ABR/JS,E,18.05.2023,14:34:00,14:49:00,ABR/JS,T,AI,64,2,S
Lfd_15,888OI,ABR/JS,E,18.05.2023,14:34:00,14:49:00,ABR/JS,T,PN,82,7,S
Lfd_15,888OI,ABR/JS,E,18.05.2023,14:34:00,14:49:00,ABR/JS,T,PA,112,6,S
Lfd_15,888OI,ABR/JS,E,18.05.2023,14:34:00,14:49:00,ABR/JS,U,PA,15,1,S
Lfd_15,888OI,ABR/JS,E,18.05.2023,14:34:00,14:49:00,ABR/JS,U,AI,24,1,S
Lfd_15,888OI,ABR/JS,E,18.05.2023,14:34:00,14:49:00,ABR/JS,U,PN,49,1,S
Lfd_15,888OI,ABR/JS,E,18.05.2023,14:34:00,14:49:00,ABR/JS,U,PI,69,1,S
Lfd_15,888OI,ABR/JS,E,18.05.2023,14:34:00,14:49:00,ABR/JS,U,AA,105,1,S
Lfd_16,134UA,ABR/JS,E,18.05.2023,14:34:00,14:52:00,ABR/JS,C,AA,13,6,B
Lfd_16,134UA,ABR/JS,E,18.05.2023,14:34:00,14:52:00,ABR/JS,C,PN,30,1,B
Lfd_16,134UA,ABR/JS,E,18.05.2023,14:34:00,14:52:00,ABR/JS,C,AI,37,1,B
Lfd_16,134UA,ABR/JS,E,18.05.2023,14:34:00,14:52:00,ABR/JS,C,PA,60,2,B
Lfd_16,134UA,ABR/JS,E,18.05.2023,14:34:00,14:52:00,ABR/JS,C,PI,103,4,B
Lfd_16,134UA,ABR/JS,E,18.05.2023,14:34:00,14:52:00,ABR/JS,D,PN,4,6,B
Lfd_16,134UA,ABR/JS,E,18.05.2023,14:34:00,14:52:00,ABR/JS,D,AA,54,5,B
Lfd_16,134UA,ABR/JS,E,18.05.2023,14:34:00,14:52:00,ABR/JS,D,AI,84,7,B
Lfd_16,134UA,ABR/JS,E,18.05.2023,14:34:00,14:52:00,ABR/JS,D,PA,97,7,B
Lfd_16,134UA,ABR/JS,E,18.05.2023,14:34:00,14:52:00,ABR/JS,D,PI,114,7,B
Lfd_16,134UA,ABR/JS,E,18.05.2023,14:34:00,14:52:00,ABR/JS,E,PA,34,6,B
Lfd_16,134UA,ABR/JS,E,18.05.2023,14:34:00,14:52:00,ABR/JS,E,AI,52,3,B
Lfd_16,134UA,ABR/JS,E,18.05.2023,14:34:00,14:52:00,ABR/JS,E,AA,75,7,B
Lfd_16,134UA,ABR/JS,E,18.05.2023,14:34:00,14:52:00,ABR/JS,E,PN,94,7,B
Lfd_16,134UA,ABR/JS,E,18.05.2023,14:34:00,14:52:00,ABR/JS,E,PI,109,5,B
Lfd_16,134UA,ABR/JS,E,18.05.2023,14:34:00,14:52:00,ABR/JS,M,PA,9,4,B
Lfd_16,134UA,ABR/JS,E,18.05.2023,14:34:00,14:52:00,ABR/JS,M,AA,28,7,B
Lfd_16,134UA,ABR/JS,E,18.05.2023,14:34:00,14:52:00,ABR/JS,M,PN,73,7,B
Lfd_16,134UA,ABR/JS,E,18.05.2023,14:34:00,14:52:00,ABR/JS,M,PI,88,7,B
Lfd_16,134UA,ABR/JS,E,18.05.2023,14:34:00,14:52:00,ABR/JS,M,AI,99,7,B
Lfd_16,134UA,ABR/JS,E,18.05.2023,14:34:00,14:52:00,ABR/JS,P,PI,19,6,B
Lfd_16,134UA,ABR/JS,E,18.05.2023,14:34:00,14:52:00,ABR/JS,P,PN,39,6,B
Lfd_16,134UA,ABR/JS,E,18.05.2023,14:34:00,14:52:00,ABR/JS,P,AA,67,4,B
Lfd_16,134UA,ABR/JS,E,18.05.2023,14:34:00,14:52:00,ABR/JS,P,PA,79,7,B
Lfd_16,134UA,ABR/JS,E,18.05.2023,14:34:00,14:52:00,ABR/JS,P,AI,117,7,B
Lfd_16,134UA,ABR/JS,E,18.05.2023,14:34:00,14:52:00,ABR/JS,S,AI,7,2,B
Lfd_16,134UA,ABR/JS,E,18.05.2023,14:34:00,14:52:00,ABR/JS,S,PI,45,3,B
Lfd_16,134UA,ABR/JS,E,18.05.2023,14:34:00,14:52:00,ABR/JS,S,PN,58,7,B
Lfd_16,134UA,ABR/JS,E,18.05.2023,14:34:00,14:52:00,ABR/JS,S,AI,90,7,B
Lfd_16,134UA,ABR/JS,E,18.05.2023,14:34:00,14:52:00,ABR/JS,S,PA,119,6,B
Lfd_16,134UA,ABR/JS,E,18.05.2023,14:34:00,14:52:00,ABR/JS,T,PI,22,5,B
Lfd_16,134UA,ABR/JS,E,18.05.2023,14:34:00,14:52:00,ABR/JS,T,AA,43,3,B
Lfd_16,134UA,ABR/JS,E,18.05.2023,14:34:00,14:52:00,ABR/JS,T,AI,64,7,B
Lfd_16,134UA,ABR/JS,E,18.05.2023,14:34:00,14:52:00,ABR/JS,T,PN,82,7,B
Lfd_16,134UA,ABR/JS,E,18.05.2023,14:34:00,14:52:00,ABR/JS,T,PA,112,7,B
Lfd_16,134UA,ABR/JS,E,18.05.2023,14:34:00,14:52:00,ABR/JS,U,PA,15,1,B
Lfd_16,134UA,ABR/JS,E,18.05.2023,14:34:00,14:52:00,ABR/JS,U,AI,24,1,B
Lfd_16,134UA,ABR/JS,E,18.05.2023,14:34:00,14:52:00,ABR/JS,U,PN,49,2,B
Lfd_16,134UA,ABR/JS,E,18.05.2023,14:34:00,14:52:00,ABR/JS,U,PI,69,1,B
Lfd_16,134UA,ABR/JS,E,18.05.2023,14:34:00,14:52:00,ABR/JS,U,AA,105,1,B
Lfd_17,744DA,JS/AS/DS,E,19.05.2023,10:33:00,10:45:00,ABR/JS,C,AA,13,7,B
Lfd_17,744DA,JS/AS/DS,E,19.05.2023,10:33:00,10:45:00,ABR/JS,C,PN,30,6,B
Lfd_17,744DA,JS/AS/DS,E,19.05.2023,10:33:00,10:45:00,ABR/JS,C,AI,37,7,B
Lfd_17,744DA,JS/AS/DS,E,19.05.2023,10:33:00,10:45:00,ABR/JS,C,PA,60,1,B
Lfd_17,744DA,JS/AS/DS,E,19.05.2023,10:33:00,10:45:00,ABR/JS,C,PI,103,1,B
Lfd_17,744DA,JS/AS/DS,E,19.05.2023,10:33:00,10:45:00,ABR/JS,D,PN,4,7,B
Lfd_17,744DA,JS/AS/DS,E,19.05.2023,10:33:00,10:45:00,ABR/JS,D,AA,54,7,B
Lfd_17,744DA,JS/AS/DS,E,19.05.2023,10:33:00,10:45:00,ABR/JS,D,AI,84,7,B
Lfd_17,744DA,JS/AS/DS,E,19.05.2023,10:33:00,10:45:00,ABR/JS,D,PA,97,7,B
Lfd_17,744DA,JS/AS/DS,E,19.05.2023,10:33:00,10:45:00,ABR/JS,D,PI,114,7,B
Lfd_17,744DA,JS/AS/DS,E,19.05.2023,10:33:00,10:45:00,ABR/JS,E,PA,34,7,B
Lfd_17,744DA,JS/AS/DS,E,19.05.2023,10:33:00,10:45:00,ABR/JS,E,AI,52,7,B
Lfd_17,744DA,JS/AS/DS,E,19.05.2023,10:33:00,10:45:00,ABR/JS,E,AA,75,7,B
Lfd_17,744DA,JS/AS/DS,E,19.05.2023,10:33:00,10:45:00,ABR/JS,E,PN,94,7,B
Lfd_17,744DA,JS/AS/DS,E,19.05.2023,10:33:00,10:45:00,ABR/JS,E,PI,109,7,B
Lfd_17,744DA,JS/AS/DS,E,19.05.2023,10:33:00,10:45:00,ABR/JS,M,PA,9,1,B
Lfd_17,744DA,JS/AS/DS,E,19.05.2023,10:33:00,10:45:00,ABR/JS,M,AA,28,7,B
Lfd_17,744DA,JS/AS/DS,E,19.05.2023,10:33:00,10:45:00,ABR/JS,M,PN,73,7,B
Lfd_17,744DA,JS/AS/DS,E,19.05.2023,10:33:00,10:45:00,ABR/JS,M,PI,88,1,B
Lfd_17,744DA,JS/AS/DS,E,19.05.2023,10:33:00,10:45:00,ABR/JS,M,AI,99,7,B
Lfd_17,744DA,JS/AS/DS,E,19.05.2023,10:33:00,10:45:00,ABR/JS,P,PI,19,7,B
Lfd_17,744DA,JS/AS/DS,E,19.05.2023,10:33:00,10:45:00,ABR/JS,P,PN,39,7,B
Lfd_17,744DA,JS/AS/DS,E,19.05.2023,10:33:00,10:45:00,ABR/JS,P,AA,67,7,B
Lfd_17,744DA,JS/AS/DS,E,19.05.2023,10:33:00,10:45:00,ABR/JS,P,PA,79,7,B
Lfd_17,744DA,JS/AS/DS,E,19.05.2023,10:33:00,10:45:00,ABR/JS,P,AI,117,7,B
Lfd_17,744DA,JS/AS/DS,E,19.05.2023,10:33:00,10:45:00,ABR/JS,S,AI,7,7,B
Lfd_17,744DA,JS/AS/DS,E,19.05.2023,10:33:00,10:45:00,ABR/JS,S,PI,45,3,B
Lfd_17,744DA,JS/AS/DS,E,19.05.2023,10:33:00,10:45:00,ABR/JS,S,PN,58,7,B
Lfd_17,744DA,JS/AS/DS,E,19.05.2023,10:33:00,10:45:00,ABR/JS,S,AI,90,7,B
Lfd_17,744DA,JS/AS/DS,E,19.05.2023,10:33:00,10:45:00,ABR/JS,S,PA,119,1,B
Lfd_17,744DA,JS/AS/DS,E,19.05.2023,10:33:00,10:45:00,ABR/JS,T,PI,22,7,B
Lfd_17,744DA,JS/AS/DS,E,19.05.2023,10:33:00,10:45:00,ABR/JS,T,AA,43,7,B
Lfd_17,744DA,JS/AS/DS,E,19.05.2023,10:33:00,10:45:00,ABR/JS,T,AI,64,7,B
Lfd_17,744DA,JS/AS/DS,E,19.05.2023,10:33:00,10:45:00,ABR/JS,T,PN,82,7,B
Lfd_17,744DA,JS/AS/DS,E,19.05.2023,10:33:00,10:45:00,ABR/JS,T,PA,112,7,B
Lfd_17,744DA,JS/AS/DS,E,19.05.2023,10:33:00,10:45:00,ABR/JS,U,PA,15,4,B
Lfd_17,744DA,JS/AS/DS,E,19.05.2023,10:33:00,10:45:00,ABR/JS,U,AI,24,6,B
Lfd_17,744DA,JS/AS/DS,E,19.05.2023,10:33:00,10:45:00,ABR/JS,U,PN,49,7,B
Lfd_17,744DA,JS/AS/DS,E,19.05.2023,10:33:00,10:45:00,ABR/JS,U,PI,69,7,B
Lfd_17,744DA,JS/AS/DS,E,19.05.2023,10:33:00,10:45:00,ABR/JS,U,AA,105,7,B
Lfd_18,321OA,ABR/JS/SG/DS,S,19.05.2023,10:25:00,10:44:00,ASS,C,AA,13,7,B
Lfd_18,321OA,ABR/JS/SG/DS,S,19.05.2023,10:25:00,10:44:00,ASS,C,PN,30,5,B
Lfd_18,321OA,ABR/JS/SG/DS,S,19.05.2023,10:25:00,10:44:00,ASS,C,AI,37,4,B
Lfd_18,321OA,ABR/JS/SG/DS,S,19.05.2023,10:25:00,10:44:00,ASS,C,PA,60,5,B
Lfd_18,321OA,ABR/JS/SG/DS,S,19.05.2023,10:25:00,10:44:00,ASS,C,PI,103,2,B
Lfd_18,321OA,ABR/JS/SG/DS,S,19.05.2023,10:25:00,10:44:00,ASS,D,PN,4,6,B
Lfd_18,321OA,ABR/JS/SG/DS,S,19.05.2023,10:25:00,10:44:00,ASS,D,AA,54,4,B
Lfd_18,321OA,ABR/JS/SG/DS,S,19.05.2023,10:25:00,10:44:00,ASS,D,AI,84,5,B
Lfd_18,321OA,ABR/JS/SG/DS,S,19.05.2023,10:25:00,10:44:00,ASS,D,PA,97,5,B
Lfd_18,321OA,ABR/JS/SG/DS,S,19.05.2023,10:25:00,10:44:00,ASS,D,PI,114,6,B
Lfd_18,321OA,ABR/JS/SG/DS,S,19.05.2023,10:25:00,10:44:00,ASS,E,PA,34,4,B
Lfd_18,321OA,ABR/JS/SG/DS,S,19.05.2023,10:25:00,10:44:00,ASS,E,AI,52,5,B
Lfd_18,321OA,ABR/JS/SG/DS,S,19.05.2023,10:25:00,10:44:00,ASS,E,AA,75,4,B
Lfd_18,321OA,ABR/JS/SG/DS,S,19.05.2023,10:25:00,10:44:00,ASS,E,PN,94,5,B
Lfd_18,321OA,ABR/JS/SG/DS,S,19.05.2023,10:25:00,10:44:00,ASS,E,PI,109,6,B
Lfd_18,321OA,ABR/JS/SG/DS,S,19.05.2023,10:25:00,10:44:00,ASS,M,PA,9,3,B
Lfd_18,321OA,ABR/JS/SG/DS,S,19.05.2023,10:25:00,10:44:00,ASS,M,AA,28,6,B
Lfd_18,321OA,ABR/JS/SG/DS,S,19.05.2023,10:25:00,10:44:00,ASS,M,PN,73,6,B
Lfd_18,321OA,ABR/JS/SG/DS,S,19.05.2023,10:25:00,10:44:00,ASS,M,PI,88,3,B
Lfd_18,321OA,ABR/JS/SG/DS,S,19.05.2023,10:25:00,10:44:00,ASS,M,AI,99,5,B
Lfd_18,321OA,ABR/JS/SG/DS,S,19.05.2023,10:25:00,10:44:00,ASS,P,PI,19,6,B
Lfd_18,321OA,ABR/JS/SG/DS,S,19.05.2023,10:25:00,10:44:00,ASS,P,PN,39,7,B
Lfd_18,321OA,ABR/JS/SG/DS,S,19.05.2023,10:25:00,10:44:00,ASS,P,AA,67,6,B
Lfd_18,321OA,ABR/JS/SG/DS,S,19.05.2023,10:25:00,10:44:00,ASS,P,PA,79,7,B
Lfd_18,321OA,ABR/JS/SG/DS,S,19.05.2023,10:25:00,10:44:00,ASS,P,AI,117,6,B
Lfd_18,321OA,ABR/JS/SG/DS,S,19.05.2023,10:25:00,10:44:00,ASS,S,AI,7,3,B
Lfd_18,321OA,ABR/JS/SG/DS,S,19.05.2023,10:25:00,10:44:00,ASS,S,PI,45,4,B
Lfd_18,321OA,ABR/JS/SG/DS,S,19.05.2023,10:25:00,10:44:00,ASS,S,PN,58,7,B
Lfd_18,321OA,ABR/JS/SG/DS,S,19.05.2023,10:25:00,10:44:00,ASS,S,AI,90,6,B
Lfd_18,321OA,ABR/JS/SG/DS,S,19.05.2023,10:25:00,10:44:00,ASS,S,PA,119,4,B
Lfd_18,321OA,ABR/JS/SG/DS,S,19.05.2023,10:25:00,10:44:00,ASS,T,PI,22,6,B
Lfd_18,321OA,ABR/JS/SG/DS,S,19.05.2023,10:25:00,10:44:00,ASS,T,AA,43,6,B
Lfd_18,321OA,ABR/JS/SG/DS,S,19.05.2023,10:25:00,10:44:00,ASS,T,AI,64,6,B
Lfd_18,321OA,ABR/JS/SG/DS,S,19.05.2023,10:25:00,10:44:00,ASS,T,PN,82,6,B
Lfd_18,321OA,ABR/JS/SG/DS,S,19.05.2023,10:25:00,10:44:00,ASS,T,PA,112,5,B
Lfd_18,321OA,ABR/JS/SG/DS,S,19.05.2023,10:25:00,10:44:00,ASS,U,PA,15,5,B
Lfd_18,321OA,ABR/JS/SG/DS,S,19.05.2023,10:25:00,10:44:00,ASS,U,AI,24,6,B
Lfd_18,321OA,ABR/JS/SG/DS,S,19.05.2023,10:25:00,10:44:00,ASS,U,PN,49,6,B
Lfd_18,321OA,ABR/JS/SG/DS,S,19.05.2023,10:25:00,10:44:00,ASS,U,PI,69,6,B
Lfd_18,321OA,ABR/JS/SG/DS,S,19.05.2023,10:25:00,10:44:00,ASS,U,AA,105,4,B
Lfd_19,733MV,ABR/JS/SG/DS,S,19.05.2023,10:28:00,10:42:00,ASS,C,AA,13,7,B
Lfd_19,733MV,ABR/JS/SG/DS,S,19.05.2023,10:28:00,10:42:00,ASS,C,PN,30,1,B
Lfd_19,733MV,ABR/JS/SG/DS,S,19.05.2023,10:28:00,10:42:00,ASS,C,AI,37,2,B
Lfd_19,733MV,ABR/JS/SG/DS,S,19.05.2023,10:28:00,10:42:00,ASS,C,PA,60,2,B
Lfd_19,733MV,ABR/JS/SG/DS,S,19.05.2023,10:28:00,10:42:00,ASS,C,PI,103,1,B
Lfd_19,733MV,ABR/JS/SG/DS,S,19.05.2023,10:28:00,10:42:00,ASS,D,PN,4,7,B
Lfd_19,733MV,ABR/JS/SG/DS,S,19.05.2023,10:28:00,10:42:00,ASS,D,AA,54,6,B
Lfd_19,733MV,ABR/JS/SG/DS,S,19.05.2023,10:28:00,10:42:00,ASS,D,AI,84,7,B
Lfd_19,733MV,ABR/JS/SG/DS,S,19.05.2023,10:28:00,10:42:00,ASS,D,PA,97,6,B
Lfd_19,733MV,ABR/JS/SG/DS,S,19.05.2023,10:28:00,10:42:00,ASS,D,PI,114,7,B
Lfd_19,733MV,ABR/JS/SG/DS,S,19.05.2023,10:28:00,10:42:00,ASS,E,PA,34,7,B
Lfd_19,733MV,ABR/JS/SG/DS,S,19.05.2023,10:28:00,10:42:00,ASS,E,AI,52,5,B
Lfd_19,733MV,ABR/JS/SG/DS,S,19.05.2023,10:28:00,10:42:00,ASS,E,AA,75,7,B
Lfd_19,733MV,ABR/JS/SG/DS,S,19.05.2023,10:28:00,10:42:00,ASS,E,PN,94,6,B
Lfd_19,733MV,ABR/JS/SG/DS,S,19.05.2023,10:28:00,10:42:00,ASS,E,PI,109,7,B
Lfd_19,733MV,ABR/JS/SG/DS,S,19.05.2023,10:28:00,10:42:00,ASS,M,PA,9,1,B
Lfd_19,733MV,ABR/JS/SG/DS,S,19.05.2023,10:28:00,10:42:00,ASS,M,AA,28,7,B
Lfd_19,733MV,ABR/JS/SG/DS,S,19.05.2023,10:28:00,10:42:00,ASS,M,PN,73,7,B
Lfd_19,733MV,ABR/JS/SG/DS,S,19.05.2023,10:28:00,10:42:00,ASS,M,PI,88,4,B
Lfd_19,733MV,ABR/JS/SG/DS,S,19.05.2023,10:28:00,10:42:00,ASS,M,AI,99,7,B
Lfd_19,733MV,ABR/JS/SG/DS,S,19.05.2023,10:28:00,10:42:00,ASS,P,PI,19,7,B
Lfd_19,733MV,ABR/JS/SG/DS,S,19.05.2023,10:28:00,10:42:00,ASS,P,PN,39,2,B
Lfd_19,733MV,ABR/JS/SG/DS,S,19.05.2023,10:28:00,10:42:00,ASS,P,AA,67,6,B
Lfd_19,733MV,ABR/JS/SG/DS,S,19.05.2023,10:28:00,10:42:00,ASS,P,PA,79,6,B
Lfd_19,733MV,ABR/JS/SG/DS,S,19.05.2023,10:28:00,10:42:00,ASS,P,AI,117,5,B
Lfd_19,733MV,ABR/JS/SG/DS,S,19.05.2023,10:28:00,10:42:00,ASS,S,AI,7,4,B
Lfd_19,733MV,ABR/JS/SG/DS,S,19.05.2023,10:28:00,10:42:00,ASS,S,PI,45,7,B
Lfd_19,733MV,ABR/JS/SG/DS,S,19.05.2023,10:28:00,10:42:00,ASS,S,PN,58,7,B
Lfd_19,733MV,ABR/JS/SG/DS,S,19.05.2023,10:28:00,10:42:00,ASS,S,AI,90,7,B
Lfd_19,733MV,ABR/JS/SG/DS,S,19.05.2023,10:28:00,10:42:00,ASS,S,PA,119,6,B
Lfd_19,733MV,ABR/JS/SG/DS,S,19.05.2023,10:28:00,10:42:00,ASS,T,PI,22,7,B
Lfd_19,733MV,ABR/JS/SG/DS,S,19.05.2023,10:28:00,10:42:00,ASS,T,AA,43,7,B
Lfd_19,733MV,ABR/JS/SG/DS,S,19.05.2023,10:28:00,10:42:00,ASS,T,AI,64,7,B
Lfd_19,733MV,ABR/JS/SG/DS,S,19.05.2023,10:28:00,10:42:00,ASS,T,PN,82,7,B
Lfd_19,733MV,ABR/JS/SG/DS,S,19.05.2023,10:28:00,10:42:00,ASS,T,PA,112,7,B
Lfd_19,733MV,ABR/JS/SG/DS,S,19.05.2023,10:28:00,10:42:00,ASS,U,PA,15,1,B
Lfd_19,733MV,ABR/JS/SG/DS,S,19.05.2023,10:28:00,10:42:00,ASS,U,AI,24,2,B
Lfd_19,733MV,ABR/JS/SG/DS,S,19.05.2023,10:28:00,10:42:00,ASS,U,PN,49,3,B
Lfd_19,733MV,ABR/JS/SG/DS,S,19.05.2023,10:28:00,10:42:00,ASS,U,PI,69,1,B
Lfd_19,733MV,ABR/JS/SG/DS,S,19.05.2023,10:28:00,10:42:00,ASS,U,AA,105,1,B
Lfd_20,285RO,SG/AS/TE/DS,S,19.05.2023,11:12:00,11:30:00,SG,C,AA,13,6,B
Lfd_20,285RO,SG/AS/TE/DS,S,19.05.2023,11:12:00,11:30:00,SG,C,PN,30,1,B
Lfd_20,285RO,SG/AS/TE/DS,S,19.05.2023,11:12:00,11:30:00,SG,C,AI,37,1,B
Lfd_20,285RO,SG/AS/TE/DS,S,19.05.2023,11:12:00,11:30:00,SG,C,PA,60,3,B
Lfd_20,285RO,SG/AS/TE/DS,S,19.05.2023,11:12:00,11:30:00,SG,C,PI,103,2,B
Lfd_20,285RO,SG/AS/TE/DS,S,19.05.2023,11:12:00,11:30:00,SG,D,PN,4,6,B
Lfd_20,285RO,SG/AS/TE/DS,S,19.05.2023,11:12:00,11:30:00,SG,D,AA,54,2,B
Lfd_20,285RO,SG/AS/TE/DS,S,19.05.2023,11:12:00,11:30:00,SG,D,AI,84,3,B
Lfd_20,285RO,SG/AS/TE/DS,S,19.05.2023,11:12:00,11:30:00,SG,D,PA,97,6,B
Lfd_20,285RO,SG/AS/TE/DS,S,19.05.2023,11:12:00,11:30:00,SG,D,PI,114,7,B
Lfd_20,285RO,SG/AS/TE/DS,S,19.05.2023,11:12:00,11:30:00,SG,E,PA,34,4,B
Lfd_20,285RO,SG/AS/TE/DS,S,19.05.2023,11:12:00,11:30:00,SG,E,AI,52,2,B
Lfd_20,285RO,SG/AS/TE/DS,S,19.05.2023,11:12:00,11:30:00,SG,E,AA,75,3,B
Lfd_20,285RO,SG/AS/TE/DS,S,19.05.2023,11:12:00,11:30:00,SG,E,PN,94,7,B
Lfd_20,285RO,SG/AS/TE/DS,S,19.05.2023,11:12:00,11:30:00,SG,E,PI,109,5,B
Lfd_20,285RO,SG/AS/TE/DS,S,19.05.2023,11:12:00,11:30:00,SG,M,PA,9,1,B
Lfd_20,285RO,SG/AS/TE/DS,S,19.05.2023,11:12:00,11:30:00,SG,M,AA,28,5,B
Lfd_20,285RO,SG/AS/TE/DS,S,19.05.2023,11:12:00,11:30:00,SG,M,PN,73,5,B
Lfd_20,285RO,SG/AS/TE/DS,S,19.05.2023,11:12:00,11:30:00,SG,M,PI,88,4,B
Lfd_20,285RO,SG/AS/TE/DS,S,19.05.2023,11:12:00,11:30:00,SG,M,AI,99,3,B
Lfd_20,285RO,SG/AS/TE/DS,S,19.05.2023,11:12:00,11:30:00,SG,P,PI,19,7,B
Lfd_20,285RO,SG/AS/TE/DS,S,19.05.2023,11:12:00,11:30:00,SG,P,PN,39,5,B
Lfd_20,285RO,SG/AS/TE/DS,S,19.05.2023,11:12:00,11:30:00,SG,P,AA,67,4,B
Lfd_20,285RO,SG/AS/TE/DS,S,19.05.2023,11:12:00,11:30:00,SG,P,PA,79,3,B
Lfd_20,285RO,SG/AS/TE/DS,S,19.05.2023,11:12:00,11:30:00,SG,P,AI,117,2,B
Lfd_20,285RO,SG/AS/TE/DS,S,19.05.2023,11:12:00,11:30:00,SG,S,AI,7,1,B
Lfd_20,285RO,SG/AS/TE/DS,S,19.05.2023,11:12:00,11:30:00,SG,S,PI,45,7,B
Lfd_20,285RO,SG/AS/TE/DS,S,19.05.2023,11:12:00,11:30:00,SG,S,PN,58,5,B
Lfd_20,285RO,SG/AS/TE/DS,S,19.05.2023,11:12:00,11:30:00,SG,S,AI,90,3,B
Lfd_20,285RO,SG/AS/TE/DS,S,19.05.2023,11:12:00,11:30:00,SG,S,PA,119,5,B
Lfd_20,285RO,SG/AS/TE/DS,S,19.05.2023,11:12:00,11:30:00,SG,T,PI,22,4,B
Lfd_20,285RO,SG/AS/TE/DS,S,19.05.2023,11:12:00,11:30:00,SG,T,AA,43,6,B
Lfd_20,285RO,SG/AS/TE/DS,S,19.05.2023,11:12:00,11:30:00,SG,T,AI,64,5,B
Lfd_20,285RO,SG/AS/TE/DS,S,19.05.2023,11:12:00,11:30:00,SG,T,PN,82,7,B
Lfd_20,285RO,SG/AS/TE/DS,S,19.05.2023,11:12:00,11:30:00,SG,T,PA,112,3,B
Lfd_20,285RO,SG/AS/TE/DS,S,19.05.2023,11:12:00,11:30:00,SG,U,PA,15,2,B
Lfd_20,285RO,SG/AS/TE/DS,S,19.05.2023,11:12:00,11:30:00,SG,U,AI,24,3,B
Lfd_20,285RO,SG/AS/TE/DS,S,19.05.2023,11:12:00,11:30:00,SG,U,PN,49,2,B
Lfd_20,285RO,SG/AS/TE/DS,S,19.05.2023,11:12:00,11:30:00,SG,U,PI,69,2,B
Lfd_20,285RO,SG/AS/TE/DS,S,19.05.2023,11:12:00,11:30:00,SG,U,AA,105,2,B
Lfd_21,123EA,ABR/JS/AS/SG,S,19.05.2023,10:22:00,10:37:00,ABR/JS,C,AA,13,5,B
Lfd_21,123EA,ABR/JS/AS/SG,S,19.05.2023,10:22:00,10:37:00,ABR/JS,C,PN,30,3,B
Lfd_21,123EA,ABR/JS/AS/SG,S,19.05.2023,10:22:00,10:37:00,ABR/JS,C,AI,37,1,B
Lfd_21,123EA,ABR/JS/AS/SG,S,19.05.2023,10:22:00,10:37:00,ABR/JS,C,PA,60,2,B
Lfd_21,123EA,ABR/JS/AS/SG,S,19.05.2023,10:22:00,10:37:00,ABR/JS,C,PI,103,2,B
Lfd_21,123EA,ABR/JS/AS/SG,S,19.05.2023,10:22:00,10:37:00,ABR/JS,D,PN,4,6,B
Lfd_21,123EA,ABR/JS/AS/SG,S,19.05.2023,10:22:00,10:37:00,ABR/JS,D,AA,54,4,B
Lfd_21,123EA,ABR/JS/AS/SG,S,19.05.2023,10:22:00,10:37:00,ABR/JS,D,AI,84,6,B
Lfd_21,123EA,ABR/JS/AS/SG,S,19.05.2023,10:22:00,10:37:00,ABR/JS,D,PA,97,4,B
Lfd_21,123EA,ABR/JS/AS/SG,S,19.05.2023,10:22:00,10:37:00,ABR/JS,D,PI,114,4,B
Lfd_21,123EA,ABR/JS/AS/SG,S,19.05.2023,10:22:00,10:37:00,ABR/JS,E,PA,34,2,B
Lfd_21,123EA,ABR/JS/AS/SG,S,19.05.2023,10:22:00,10:37:00,ABR/JS,E,AI,52,4,B
Lfd_21,123EA,ABR/JS/AS/SG,S,19.05.2023,10:22:00,10:37:00,ABR/JS,E,AA,75,4,B
Lfd_21,123EA,ABR/JS/AS/SG,S,19.05.2023,10:22:00,10:37:00,ABR/JS,E,PN,94,4,B
Lfd_21,123EA,ABR/JS/AS/SG,S,19.05.2023,10:22:00,10:37:00,ABR/JS,E,PI,109,5,B
Lfd_21,123EA,ABR/JS/AS/SG,S,19.05.2023,10:22:00,10:37:00,ABR/JS,M,PA,9,1,B
Lfd_21,123EA,ABR/JS/AS/SG,S,19.05.2023,10:22:00,10:37:00,ABR/JS,M,AA,28,5,B
Lfd_21,123EA,ABR/JS/AS/SG,S,19.05.2023,10:22:00,10:37:00,ABR/JS,M,PN,73,4,B
Lfd_21,123EA,ABR/JS/AS/SG,S,19.05.2023,10:22:00,10:37:00,ABR/JS,M,PI,88,5,B
Lfd_21,123EA,ABR/JS/AS/SG,S,19.05.2023,10:22:00,10:37:00,ABR/JS,M,AI,99,4,B
Lfd_21,123EA,ABR/JS/AS/SG,S,19.05.2023,10:22:00,10:37:00,ABR/JS,P,PI,19,6,B
Lfd_21,123EA,ABR/JS/AS/SG,S,19.05.2023,10:22:00,10:37:00,ABR/JS,P,PN,39,3,B
Lfd_21,123EA,ABR/JS/AS/SG,S,19.05.2023,10:22:00,10:37:00,ABR/JS,P,AA,67,2,B
Lfd_21,123EA,ABR/JS/AS/SG,S,19.05.2023,10:22:00,10:37:00,ABR/JS,P,PA,79,5,B
Lfd_21,123EA,ABR/JS/AS/SG,S,19.05.2023,10:22:00,10:37:00,ABR/JS,P,AI,117,4,B
Lfd_21,123EA,ABR/JS/AS/SG,S,19.05.2023,10:22:00,10:37:00,ABR/JS,S,AI,7,5,B
Lfd_21,123EA,ABR/JS/AS/SG,S,19.05.2023,10:22:00,10:37:00,ABR/JS,S,PI,45,5,B
Lfd_21,123EA,ABR/JS/AS/SG,S,19.05.2023,10:22:00,10:37:00,ABR/JS,S,PN,58,6,B
Lfd_21,123EA,ABR/JS/AS/SG,S,19.05.2023,10:22:00,10:37:00,ABR/JS,S,AI,90,5,B
Lfd_21,123EA,ABR/JS/AS/SG,S,19.05.2023,10:22:00,10:37:00,ABR/JS,S,PA,119,4,B
Lfd_21,123EA,ABR/JS/AS/SG,S,19.05.2023,10:22:00,10:37:00,ABR/JS,T,PI,22,3,B
Lfd_21,123EA,ABR/JS/AS/SG,S,19.05.2023,10:22:00,10:37:00,ABR/JS,T,AA,43,2,B
Lfd_21,123EA,ABR/JS/AS/SG,S,19.05.2023,10:22:00,10:37:00,ABR/JS,T,AI,64,5,B
Lfd_21,123EA,ABR/JS/AS/SG,S,19.05.2023,10:22:00,10:37:00,ABR/JS,T,PN,82,4,B
Lfd_21,123EA,ABR/JS/AS/SG,S,19.05.2023,10:22:00,10:37:00,ABR/JS,T,PA,112,2,B
Lfd_21,123EA,ABR/JS/AS/SG,S,19.05.2023,10:22:00,10:37:00,ABR/JS,U,PA,15,4,B
Lfd_21,123EA,ABR/JS/AS/SG,S,19.05.2023,10:22:00,10:37:00,ABR/JS,U,AI,24,5,B
Lfd_21,123EA,ABR/JS/AS/SG,S,19.05.2023,10:22:00,10:37:00,ABR/JS,U,PN,49,2,B
Lfd_21,123EA,ABR/JS/AS/SG,S,19.05.2023,10:22:00,10:37:00,ABR/JS,U,PI,69,3,B
Lfd_21,123EA,ABR/JS/AS/SG,S,19.05.2023,10:22:00,10:37:00,ABR/JS,U,AA,105,3,B
Lfd_22,SF0105,JS/ABR,S,19.05.2023,10:24:00,10:37:00,ABR/JS,C,AA,13,5,B
Lfd_22,SF0105,JS/ABR,S,19.05.2023,10:24:00,10:37:00,ABR/JS,C,PN,30,2,B
Lfd_22,SF0105,JS/ABR,S,19.05.2023,10:24:00,10:37:00,ABR/JS,C,AI,37,5,B
Lfd_22,SF0105,JS/ABR,S,19.05.2023,10:24:00,10:37:00,ABR/JS,C,PA,60,2,B
Lfd_22,SF0105,JS/ABR,S,19.05.2023,10:24:00,10:37:00,ABR/JS,C,PI,103,3,B
Lfd_22,SF0105,JS/ABR,S,19.05.2023,10:24:00,10:37:00,ABR/JS,D,PN,4,7,B
Lfd_22,SF0105,JS/ABR,S,19.05.2023,10:24:00,10:37:00,ABR/JS,D,AA,54,5,B
Lfd_22,SF0105,JS/ABR,S,19.05.2023,10:24:00,10:37:00,ABR/JS,D,AI,84,7,B
Lfd_22,SF0105,JS/ABR,S,19.05.2023,10:24:00,10:37:00,ABR/JS,D,PA,97,7,B
Lfd_22,SF0105,JS/ABR,S,19.05.2023,10:24:00,10:37:00,ABR/JS,D,PI,114,6,B
Lfd_22,SF0105,JS/ABR,S,19.05.2023,10:24:00,10:37:00,ABR/JS,E,PA,34,6,B
Lfd_22,SF0105,JS/ABR,S,19.05.2023,10:24:00,10:37:00,ABR/JS,E,AI,52,5,B
Lfd_22,SF0105,JS/ABR,S,19.05.2023,10:24:00,10:37:00,ABR/JS,E,AA,75,7,B
Lfd_22,SF0105,JS/ABR,S,19.05.2023,10:24:00,10:37:00,ABR/JS,E,PN,94,6,B
Lfd_22,SF0105,JS/ABR,S,19.05.2023,10:24:00,10:37:00,ABR/JS,E,PI,109,7,B
Lfd_22,SF0105,JS/ABR,S,19.05.2023,10:24:00,10:37:00,ABR/JS,M,PA,9,2,B
Lfd_22,SF0105,JS/ABR,S,19.05.2023,10:24:00,10:37:00,ABR/JS,M,AA,28,6,B
Lfd_22,SF0105,JS/ABR,S,19.05.2023,10:24:00,10:37:00,ABR/JS,M,PN,73,2,B
Lfd_22,SF0105,JS/ABR,S,19.05.2023,10:24:00,10:37:00,ABR/JS,M,PI,88,6,B
Lfd_22,SF0105,JS/ABR,S,19.05.2023,10:24:00,10:37:00,ABR/JS,M,AI,99,7,B
Lfd_22,SF0105,JS/ABR,S,19.05.2023,10:24:00,10:37:00,ABR/JS,P,PI,19,7,B
Lfd_22,SF0105,JS/ABR,S,19.05.2023,10:24:00,10:37:00,ABR/JS,P,PN,39,5,B
Lfd_22,SF0105,JS/ABR,S,19.05.2023,10:24:00,10:37:00,ABR/JS,P,AA,67,7,B
Lfd_22,SF0105,JS/ABR,S,19.05.2023,10:24:00,10:37:00,ABR/JS,P,PA,79,7,B
Lfd_22,SF0105,JS/ABR,S,19.05.2023,10:24:00,10:37:00,ABR/JS,P,AI,117,6,B
Lfd_22,SF0105,JS/ABR,S,19.05.2023,10:24:00,10:37:00,ABR/JS,S,AI,7,7,B
Lfd_22,SF0105,JS/ABR,S,19.05.2023,10:24:00,10:37:00,ABR/JS,S,PI,45,7,B
Lfd_22,SF0105,JS/ABR,S,19.05.2023,10:24:00,10:37:00,ABR/JS,S,PN,58,7,B
Lfd_22,SF0105,JS/ABR,S,19.05.2023,10:24:00,10:37:00,ABR/JS,S,AI,90,7,B
Lfd_22,SF0105,JS/ABR,S,19.05.2023,10:24:00,10:37:00,ABR/JS,S,PA,119,7,B
Lfd_22,SF0105,JS/ABR,S,19.05.2023,10:24:00,10:37:00,ABR/JS,T,PI,22,7,B
Lfd_22,SF0105,JS/ABR,S,19.05.2023,10:24:00,10:37:00,ABR/JS,T,AA,43,7,B
Lfd_22,SF0105,JS/ABR,S,19.05.2023,10:24:00,10:37:00,ABR/JS,T,AI,64,7,B
Lfd_22,SF0105,JS/ABR,S,19.05.2023,10:24:00,10:37:00,ABR/JS,T,PN,82,7,B
Lfd_22,SF0105,JS/ABR,S,19.05.2023,10:24:00,10:37:00,ABR/JS,T,PA,112,7,B
Lfd_22,SF0105,JS/ABR,S,19.05.2023,10:24:00,10:37:00,ABR/JS,U,PA,15,3,B
Lfd_22,SF0105,JS/ABR,S,19.05.2023,10:24:00,10:37:00,ABR/JS,U,AI,24,3,B
Lfd_22,SF0105,JS/ABR,S,19.05.2023,10:24:00,10:37:00,ABR/JS,U,PN,49,2,B
Lfd_22,SF0105,JS/ABR,S,19.05.2023,10:24:00,10:37:00,ABR/JS,U,PI,69,2,B
Lfd_22,SF0105,JS/ABR,S,19.05.2023,10:24:00,10:37:00,ABR/JS,U,AA,105,2,B
Lfd_23,333AA,ASS/AS/SG,S,19.05.2023,12:51:00,13:13:00,ASS,C,AA,13,NA,U
Lfd_23,333AA,ASS/AS/SG,S,19.05.2023,12:51:00,13:13:00,ASS,C,PN,30,6,U
Lfd_23,333AA,ASS/AS/SG,S,19.05.2023,12:51:00,13:13:00,ASS,C,AI,37,1,U
Lfd_23,333AA,ASS/AS/SG,S,19.05.2023,12:51:00,13:13:00,ASS,C,PA,60,1,U
Lfd_23,333AA,ASS/AS/SG,S,19.05.2023,12:51:00,13:13:00,ASS,C,PI,103,1,U
Lfd_23,333AA,ASS/AS/SG,S,19.05.2023,12:51:00,13:13:00,ASS,D,PN,4,7,U
Lfd_23,333AA,ASS/AS/SG,S,19.05.2023,12:51:00,13:13:00,ASS,D,AA,54,7,U
Lfd_23,333AA,ASS/AS/SG,S,19.05.2023,12:51:00,13:13:00,ASS,D,AI,84,7,U
Lfd_23,333AA,ASS/AS/SG,S,19.05.2023,12:51:00,13:13:00,ASS,D,PA,97,7,U
Lfd_23,333AA,ASS/AS/SG,S,19.05.2023,12:51:00,13:13:00,ASS,D,PI,114,7,U
Lfd_23,333AA,ASS/AS/SG,S,19.05.2023,12:51:00,13:13:00,ASS,E,PA,34,7,U
Lfd_23,333AA,ASS/AS/SG,S,19.05.2023,12:51:00,13:13:00,ASS,E,AI,52,7,U
Lfd_23,333AA,ASS/AS/SG,S,19.05.2023,12:51:00,13:13:00,ASS,E,AA,75,7,U
Lfd_23,333AA,ASS/AS/SG,S,19.05.2023,12:51:00,13:13:00,ASS,E,PN,94,5,U
Lfd_23,333AA,ASS/AS/SG,S,19.05.2023,12:51:00,13:13:00,ASS,E,PI,109,7,U
Lfd_23,333AA,ASS/AS/SG,S,19.05.2023,12:51:00,13:13:00,ASS,M,PA,9,1,U
Lfd_23,333AA,ASS/AS/SG,S,19.05.2023,12:51:00,13:13:00,ASS,M,AA,28,5,U
Lfd_23,333AA,ASS/AS/SG,S,19.05.2023,12:51:00,13:13:00,ASS,M,PN,73,4,U
Lfd_23,333AA,ASS/AS/SG,S,19.05.2023,12:51:00,13:13:00,ASS,M,PI,88,5,U
Lfd_23,333AA,ASS/AS/SG,S,19.05.2023,12:51:00,13:13:00,ASS,M,AI,99,7,U
Lfd_23,333AA,ASS/AS/SG,S,19.05.2023,12:51:00,13:13:00,ASS,P,PI,19,7,U
Lfd_23,333AA,ASS/AS/SG,S,19.05.2023,12:51:00,13:13:00,ASS,P,PN,39,7,U
Lfd_23,333AA,ASS/AS/SG,S,19.05.2023,12:51:00,13:13:00,ASS,P,AA,67,4,U
Lfd_23,333AA,ASS/AS/SG,S,19.05.2023,12:51:00,13:13:00,ASS,P,PA,79,7,U
Lfd_23,333AA,ASS/AS/SG,S,19.05.2023,12:51:00,13:13:00,ASS,P,AI,117,5,U
Lfd_23,333AA,ASS/AS/SG,S,19.05.2023,12:51:00,13:13:00,ASS,S,AI,7,7,U
Lfd_23,333AA,ASS/AS/SG,S,19.05.2023,12:51:00,13:13:00,ASS,S,PI,45,7,U
Lfd_23,333AA,ASS/AS/SG,S,19.05.2023,12:51:00,13:13:00,ASS,S,PN,58,7,U
Lfd_23,333AA,ASS/AS/SG,S,19.05.2023,12:51:00,13:13:00,ASS,S,AI,90,7,U
Lfd_23,333AA,ASS/AS/SG,S,19.05.2023,12:51:00,13:13:00,ASS,S,PA,119,7,U
Lfd_23,333AA,ASS/AS/SG,S,19.05.2023,12:51:00,13:13:00,ASS,T,PI,22,7,U
Lfd_23,333AA,ASS/AS/SG,S,19.05.2023,12:51:00,13:13:00,ASS,T,AA,43,7,U
Lfd_23,333AA,ASS/AS/SG,S,19.05.2023,12:51:00,13:13:00,ASS,T,AI,64,7,U
Lfd_23,333AA,ASS/AS/SG,S,19.05.2023,12:51:00,13:13:00,ASS,T,PN,82,7,U
Lfd_23,333AA,ASS/AS/SG,S,19.05.2023,12:51:00,13:13:00,ASS,T,PA,112,7,U
Lfd_23,333AA,ASS/AS/SG,S,19.05.2023,12:51:00,13:13:00,ASS,U,PA,15,3,U
Lfd_23,333AA,ASS/AS/SG,S,19.05.2023,12:51:00,13:13:00,ASS,U,AI,24,6,U
Lfd_23,333AA,ASS/AS/SG,S,19.05.2023,12:51:00,13:13:00,ASS,U,PN,49,5,U
Lfd_23,333AA,ASS/AS/SG,S,19.05.2023,12:51:00,13:13:00,ASS,U,PI,69,5,U
Lfd_23,333AA,ASS/AS/SG,S,19.05.2023,12:51:00,13:13:00,ASS,U,AA,105,6,U
Lfd_24,381AO,AS/SG/ASS,S,19.05.2023,12:51:00,13:17:00,SG,C,AA,13,5,B
Lfd_24,381AO,AS/SG/ASS,S,19.05.2023,12:51:00,13:17:00,SG,C,PN,30,7,B
Lfd_24,381AO,AS/SG/ASS,S,19.05.2023,12:51:00,13:17:00,SG,C,AI,37,1,B
Lfd_24,381AO,AS/SG/ASS,S,19.05.2023,12:51:00,13:17:00,SG,C,PA,60,1,B
Lfd_24,381AO,AS/SG/ASS,S,19.05.2023,12:51:00,13:17:00,SG,C,PI,103,1,B
Lfd_24,381AO,AS/SG/ASS,S,19.05.2023,12:51:00,13:17:00,SG,D,PN,4,7,B
Lfd_24,381AO,AS/SG/ASS,S,19.05.2023,12:51:00,13:17:00,SG,D,AA,54,4,B
Lfd_24,381AO,AS/SG/ASS,S,19.05.2023,12:51:00,13:17:00,SG,D,AI,84,7,B
Lfd_24,381AO,AS/SG/ASS,S,19.05.2023,12:51:00,13:17:00,SG,D,PA,97,6,B
Lfd_24,381AO,AS/SG/ASS,S,19.05.2023,12:51:00,13:17:00,SG,D,PI,114,7,B
Lfd_24,381AO,AS/SG/ASS,S,19.05.2023,12:51:00,13:17:00,SG,E,PA,34,7,B
Lfd_24,381AO,AS/SG/ASS,S,19.05.2023,12:51:00,13:17:00,SG,E,AI,52,6,B
Lfd_24,381AO,AS/SG/ASS,S,19.05.2023,12:51:00,13:17:00,SG,E,AA,75,7,B
Lfd_24,381AO,AS/SG/ASS,S,19.05.2023,12:51:00,13:17:00,SG,E,PN,94,7,B
Lfd_24,381AO,AS/SG/ASS,S,19.05.2023,12:51:00,13:17:00,SG,E,PI,109,7,B
Lfd_24,381AO,AS/SG/ASS,S,19.05.2023,12:51:00,13:17:00,SG,M,PA,9,1,B
Lfd_24,381AO,AS/SG/ASS,S,19.05.2023,12:51:00,13:17:00,SG,M,AA,28,7,B
Lfd_24,381AO,AS/SG/ASS,S,19.05.2023,12:51:00,13:17:00,SG,M,PN,73,4,B
Lfd_24,381AO,AS/SG/ASS,S,19.05.2023,12:51:00,13:17:00,SG,M,PI,88,1,B
Lfd_24,381AO,AS/SG/ASS,S,19.05.2023,12:51:00,13:17:00,SG,M,AI,99,4,B
Lfd_24,381AO,AS/SG/ASS,S,19.05.2023,12:51:00,13:17:00,SG,P,PI,19,7,B
Lfd_24,381AO,AS/SG/ASS,S,19.05.2023,12:51:00,13:17:00,SG,P,PN,39,7,B
Lfd_24,381AO,AS/SG/ASS,S,19.05.2023,12:51:00,13:17:00,SG,P,AA,67,3,B
Lfd_24,381AO,AS/SG/ASS,S,19.05.2023,12:51:00,13:17:00,SG,P,PA,79,7,B
Lfd_24,381AO,AS/SG/ASS,S,19.05.2023,12:51:00,13:17:00,SG,P,AI,117,4,B
Lfd_24,381AO,AS/SG/ASS,S,19.05.2023,12:51:00,13:17:00,SG,S,AI,7,5,B
Lfd_24,381AO,AS/SG/ASS,S,19.05.2023,12:51:00,13:17:00,SG,S,PI,45,6,B
Lfd_24,381AO,AS/SG/ASS,S,19.05.2023,12:51:00,13:17:00,SG,S,PN,58,7,B
Lfd_24,381AO,AS/SG/ASS,S,19.05.2023,12:51:00,13:17:00,SG,S,AI,90,7,B
Lfd_24,381AO,AS/SG/ASS,S,19.05.2023,12:51:00,13:17:00,SG,S,PA,119,7,B
Lfd_24,381AO,AS/SG/ASS,S,19.05.2023,12:51:00,13:17:00,SG,T,PI,22,7,B
Lfd_24,381AO,AS/SG/ASS,S,19.05.2023,12:51:00,13:17:00,SG,T,AA,43,7,B
Lfd_24,381AO,AS/SG/ASS,S,19.05.2023,12:51:00,13:17:00,SG,T,AI,64,7,B
Lfd_24,381AO,AS/SG/ASS,S,19.05.2023,12:51:00,13:17:00,SG,T,PN,82,7,B
Lfd_24,381AO,AS/SG/ASS,S,19.05.2023,12:51:00,13:17:00,SG,T,PA,112,6,B
Lfd_24,381AO,AS/SG/ASS,S,19.05.2023,12:51:00,13:17:00,SG,U,PA,15,3,B
Lfd_24,381AO,AS/SG/ASS,S,19.05.2023,12:51:00,13:17:00,SG,U,AI,24,6,B
Lfd_24,381AO,AS/SG/ASS,S,19.05.2023,12:51:00,13:17:00,SG,U,PN,49,3,B
Lfd_24,381AO,AS/SG/ASS,S,19.05.2023,12:51:00,13:17:00,SG,U,PI,69,3,B
Lfd_24,381AO,AS/SG/ASS,S,19.05.2023,12:51:00,13:17:00,SG,U,AA,105,3,B
Lfd_25,187OO,ASS/AS/SG,S,19.05.2023,12:51:00,13:15:00,AS,C,AA,13,4,B
Lfd_25,187OO,ASS/AS/SG,S,19.05.2023,12:51:00,13:15:00,AS,C,PN,30,1,B
Lfd_25,187OO,ASS/AS/SG,S,19.05.2023,12:51:00,13:15:00,AS,C,AI,37,6,B
Lfd_25,187OO,ASS/AS/SG,S,19.05.2023,12:51:00,13:15:00,AS,C,PA,60,1,B
Lfd_25,187OO,ASS/AS/SG,S,19.05.2023,12:51:00,13:15:00,AS,C,PI,103,1,B
Lfd_25,187OO,ASS/AS/SG,S,19.05.2023,12:51:00,13:15:00,AS,D,PN,4,7,B
Lfd_25,187OO,ASS/AS/SG,S,19.05.2023,12:51:00,13:15:00,AS,D,AA,54,7,B
Lfd_25,187OO,ASS/AS/SG,S,19.05.2023,12:51:00,13:15:00,AS,D,AI,84,7,B
Lfd_25,187OO,ASS/AS/SG,S,19.05.2023,12:51:00,13:15:00,AS,D,PA,97,7,B
Lfd_25,187OO,ASS/AS/SG,S,19.05.2023,12:51:00,13:15:00,AS,D,PI,114,7,B
Lfd_25,187OO,ASS/AS/SG,S,19.05.2023,12:51:00,13:15:00,AS,E,PA,34,6,B
Lfd_25,187OO,ASS/AS/SG,S,19.05.2023,12:51:00,13:15:00,AS,E,AI,52,6,B
Lfd_25,187OO,ASS/AS/SG,S,19.05.2023,12:51:00,13:15:00,AS,E,AA,75,7,B
Lfd_25,187OO,ASS/AS/SG,S,19.05.2023,12:51:00,13:15:00,AS,E,PN,94,6,B
Lfd_25,187OO,ASS/AS/SG,S,19.05.2023,12:51:00,13:15:00,AS,E,PI,109,7,B
Lfd_25,187OO,ASS/AS/SG,S,19.05.2023,12:51:00,13:15:00,AS,M,PA,9,2,B
Lfd_25,187OO,ASS/AS/SG,S,19.05.2023,12:51:00,13:15:00,AS,M,AA,28,7,B
Lfd_25,187OO,ASS/AS/SG,S,19.05.2023,12:51:00,13:15:00,AS,M,PN,73,6,B
Lfd_25,187OO,ASS/AS/SG,S,19.05.2023,12:51:00,13:15:00,AS,M,PI,88,6,B
Lfd_25,187OO,ASS/AS/SG,S,19.05.2023,12:51:00,13:15:00,AS,M,AI,99,7,B
Lfd_25,187OO,ASS/AS/SG,S,19.05.2023,12:51:00,13:15:00,AS,P,PI,19,6,B
Lfd_25,187OO,ASS/AS/SG,S,19.05.2023,12:51:00,13:15:00,AS,P,PN,39,5,B
Lfd_25,187OO,ASS/AS/SG,S,19.05.2023,12:51:00,13:15:00,AS,P,AA,67,7,B
Lfd_25,187OO,ASS/AS/SG,S,19.05.2023,12:51:00,13:15:00,AS,P,PA,79,7,B
Lfd_25,187OO,ASS/AS/SG,S,19.05.2023,12:51:00,13:15:00,AS,P,AI,117,7,B
Lfd_25,187OO,ASS/AS/SG,S,19.05.2023,12:51:00,13:15:00,AS,S,AI,7,2,B
Lfd_25,187OO,ASS/AS/SG,S,19.05.2023,12:51:00,13:15:00,AS,S,PI,45,7,B
Lfd_25,187OO,ASS/AS/SG,S,19.05.2023,12:51:00,13:15:00,AS,S,PN,58,7,B
Lfd_25,187OO,ASS/AS/SG,S,19.05.2023,12:51:00,13:15:00,AS,S,AI,90,7,B
Lfd_25,187OO,ASS/AS/SG,S,19.05.2023,12:51:00,13:15:00,AS,S,PA,119,7,B
Lfd_25,187OO,ASS/AS/SG,S,19.05.2023,12:51:00,13:15:00,AS,T,PI,22,5,B
Lfd_25,187OO,ASS/AS/SG,S,19.05.2023,12:51:00,13:15:00,AS,T,AA,43,6,B
Lfd_25,187OO,ASS/AS/SG,S,19.05.2023,12:51:00,13:15:00,AS,T,AI,64,7,B
Lfd_25,187OO,ASS/AS/SG,S,19.05.2023,12:51:00,13:15:00,AS,T,PN,82,7,B
Lfd_25,187OO,ASS/AS/SG,S,19.05.2023,12:51:00,13:15:00,AS,T,PA,112,2,B
Lfd_25,187OO,ASS/AS/SG,S,19.05.2023,12:51:00,13:15:00,AS,U,PA,15,3,B
Lfd_25,187OO,ASS/AS/SG,S,19.05.2023,12:51:00,13:15:00,AS,U,AI,24,6,B
Lfd_25,187OO,ASS/AS/SG,S,19.05.2023,12:51:00,13:15:00,AS,U,PN,49,3,B
Lfd_25,187OO,ASS/AS/SG,S,19.05.2023,12:51:00,13:15:00,AS,U,PI,69,6,B
Lfd_25,187OO,ASS/AS/SG,S,19.05.2023,12:51:00,13:15:00,AS,U,AA,105,2,B
